"","Run","Assay.Type","AvgSpotLen","Bases","BioProject","BioSample","Bytes","Sample_name","Cell_type","Center.Name","chip_antibody","Consent","DATASTORE.filetype","DATASTORE.provider","DATASTORE.region","Experiment","GEO_Accession..exp.","Instrument","LibraryLayout","LibrarySelection","LibrarySource","Organism","passages","Platform","ReleaseDate","Sample.Name","source_name","SRA.Study","strain","bed_id","bw_id","new_bw_id","new_bed_id"
"1","SRR1521788","ChIP-Seq",60,386031540,"PRJNA255796","SAMN02929018",176119844,"H3K27Ac_LT_HSC_1","Long Term Hematopoietic Stem Cell (LT-HSC)","GEO","H3K27Ac","public","sra","gs,s3,ncbi","s3.us-east-1,ncbi.public,gs.US","SRX658374","GSM1441269","Illumina HiSeq 1500","SINGLE","ChIP","GENOMIC","Mus musculus","In vivo FACS purified cells","ILLUMINA","2014-08-08T00:00:00Z","GSM1441269","Long Term Hematopoietic Stem Cell (LT-HSC)","SRP044685","C57BL/6","SRR1521788_1_trimm_peaks.broadPeak","SRR1521788_1_trimm.bw","H3K27Ac_LT_HSC_1.bw","H3K27Ac_LT_HSC_1.broadPeak"
"2","SRR1521789","ChIP-Seq",60,385505160,"PRJNA255796","SAMN02929018",175066236,"H3K27Ac_LT_HSC_2","Long Term Hematopoietic Stem Cell (LT-HSC)","GEO","H3K27Ac","public","sra","gs,s3,ncbi","ncbi.public,gs.US,s3.us-east-1","SRX658374","GSM1441269","Illumina HiSeq 1500","SINGLE","ChIP","GENOMIC","Mus musculus","In vivo FACS purified cells","ILLUMINA","2014-08-08T00:00:00Z","GSM1441269","Long Term Hematopoietic Stem Cell (LT-HSC)","SRP044685","C57BL/6","SRR1521789_1_trimm_peaks.broadPeak","SRR1521789_1_trimm.bw","H3K27Ac_LT_HSC_2.bw","H3K27Ac_LT_HSC_2.broadPeak"
"3","SRR1521790","ChIP-Seq",60,336495360,"PRJNA255796","SAMN02929019",156576050,"H3K27Ac_ST_HSC_1","Short Term Hematopoietic Stem Cell (ST-HSC)","GEO","H3K27Ac","public","sra","gs,s3,ncbi","ncbi.public,gs.US,s3.us-east-1","SRX658375","GSM1441270","Illumina HiSeq 1500","SINGLE","ChIP","GENOMIC","Mus musculus","In vivo FACS purified cells","ILLUMINA","2014-08-08T00:00:00Z","GSM1441270","Short Term Hematopoietic Stem Cell (ST-HSC)","SRP044685","C57BL/6","SRR1521790_1_trimm_peaks.broadPeak","SRR1521790_1_trimm.bw","H3K27Ac_ST_HSC_1.bw","H3K27Ac_ST_HSC_1.broadPeak"
"4","SRR1521791","ChIP-Seq",60,308827320,"PRJNA255796","SAMN02929019",144097521,"H3K27Ac_ST_HSC_2","Short Term Hematopoietic Stem Cell (ST-HSC)","GEO","H3K27Ac","public","sra","gs,ncbi,s3","ncbi.public,gs.US,s3.us-east-1","SRX658375","GSM1441270","Illumina HiSeq 1500","SINGLE","ChIP","GENOMIC","Mus musculus","In vivo FACS purified cells","ILLUMINA","2014-08-08T00:00:00Z","GSM1441270","Short Term Hematopoietic Stem Cell (ST-HSC)","SRP044685","C57BL/6","SRR1521791_1_trimm_peaks.broadPeak","SRR1521791_1_trimm.bw","H3K27Ac_ST_HSC_2.bw","H3K27Ac_ST_HSC_2.broadPeak"
"5","SRR1521792","ChIP-Seq",60,272530260,"PRJNA255796","SAMN02929020",126923006,"H3K27Ac_MPP_1","Multipotent Progenitor (MPP)","GEO","H3K27Ac","public","sra","gs,s3,ncbi","ncbi.public,gs.US,s3.us-east-1","SRX658376","GSM1441271","Illumina HiSeq 1500","SINGLE","ChIP","GENOMIC","Mus musculus","In vivo FACS purified cells","ILLUMINA","2014-08-08T00:00:00Z","GSM1441271","Multipotent Progenitor (MPP)","SRP044685","C57BL/6","SRR1521792_1_trimm_peaks.broadPeak","SRR1521792_1_trimm.bw","H3K27Ac_MPP_1.bw","H3K27Ac_MPP_1.broadPeak"
"6","SRR1521793","ChIP-Seq",60,251825580,"PRJNA255796","SAMN02929020",117079999,"H3K27Ac_MPP_2","Multipotent Progenitor (MPP)","GEO","H3K27Ac","public","sra","gs,s3,ncbi","s3.us-east-1,ncbi.public,gs.US","SRX658376","GSM1441271","Illumina HiSeq 1500","SINGLE","ChIP","GENOMIC","Mus musculus","In vivo FACS purified cells","ILLUMINA","2014-08-08T00:00:00Z","GSM1441271","Multipotent Progenitor (MPP)","SRP044685","C57BL/6","SRR1521793_1_trimm_peaks.broadPeak","SRR1521793_1_trimm.bw","H3K27Ac_MPP_2.bw","H3K27Ac_MPP_2.broadPeak"
"7","SRR1521794","ChIP-Seq",60,362593200,"PRJNA255796","SAMN02929021",168423424,"H3K27Ac_CMP_1","Common Myeloid Progenitor (CMP)","GEO","H3K27Ac","public","sra","ncbi,gs,s3","ncbi.public,gs.US,s3.us-east-1","SRX658377","GSM1441272","Illumina HiSeq 1500","SINGLE","ChIP","GENOMIC","Mus musculus","In vivo FACS purified cells","ILLUMINA","2014-08-08T00:00:00Z","GSM1441272","Common Myeloid Progenitor (CMP)","SRP044685","C57BL/6","SRR1521794_1_trimm_peaks.broadPeak","SRR1521794_1_trimm.bw","H3K27Ac_CMP_1.bw","H3K27Ac_CMP_1.broadPeak"
"8","SRR1521795","ChIP-Seq",60,335164920,"PRJNA255796","SAMN02929021",155826286,"H3K27Ac_CMP_2","Common Myeloid Progenitor (CMP)","GEO","H3K27Ac","public","sra","gs,ncbi,s3","gs.US,s3.us-east-1,ncbi.public","SRX658377","GSM1441272","Illumina HiSeq 1500","SINGLE","ChIP","GENOMIC","Mus musculus","In vivo FACS purified cells","ILLUMINA","2014-08-08T00:00:00Z","GSM1441272","Common Myeloid Progenitor (CMP)","SRP044685","C57BL/6","SRR1521795_1_trimm_peaks.broadPeak","SRR1521795_1_trimm.bw","H3K27Ac_CMP_2.bw","H3K27Ac_CMP_2.broadPeak"
"9","SRR1521796","ChIP-Seq",60,383799360,"PRJNA255796","SAMN02929021",178354742,"H3K27Ac_CMP_3","Common Myeloid Progenitor (CMP)","GEO","H3K27Ac","public","sra","gs,s3,ncbi","ncbi.public,gs.US,s3.us-east-1","SRX658377","GSM1441272","Illumina HiSeq 1500","SINGLE","ChIP","GENOMIC","Mus musculus","In vivo FACS purified cells","ILLUMINA","2014-08-08T00:00:00Z","GSM1441272","Common Myeloid Progenitor (CMP)","SRP044685","C57BL/6","SRR1521796_1_trimm_peaks.broadPeak","SRR1521796_1_trimm.bw","H3K27Ac_CMP_3.bw","H3K27Ac_CMP_3.broadPeak"
"10","SRR1521797","ChIP-Seq",60,760817100,"PRJNA255796","SAMN02929021",346357805,"H3K27Ac_CMP_4","Common Myeloid Progenitor (CMP)","GEO","H3K27Ac","public","sra","gs,ncbi,s3","ncbi.public,gs.US,s3.us-east-1","SRX658377","GSM1441272","Illumina HiSeq 1500","SINGLE","ChIP","GENOMIC","Mus musculus","In vivo FACS purified cells","ILLUMINA","2014-08-08T00:00:00Z","GSM1441272","Common Myeloid Progenitor (CMP)","SRP044685","C57BL/6","SRR1521797_1_trimm_peaks.broadPeak","SRR1521797_1_trimm.bw","H3K27Ac_CMP_4.bw","H3K27Ac_CMP_4.broadPeak"
"11","SRR1521798","ChIP-Seq",60,634079040,"PRJNA255796","SAMN02929022",296135772,"H3K27Ac_GMP_1","Granulocyte Monocyte Progenitor (GMP)","GEO","H3K27Ac","public","sra","s3,ncbi,gs","ncbi.public,gs.US,s3.us-east-1","SRX658378","GSM1441273","Illumina HiSeq 1500","SINGLE","ChIP","GENOMIC","Mus musculus","In vivo FACS purified cells","ILLUMINA","2014-08-08T00:00:00Z","GSM1441273","Granulocyte Monocyte Progenitor (GMP)","SRP044685","C57BL/6","SRR1521798_1_trimm_peaks.broadPeak","SRR1521798_1_trimm.bw","H3K27Ac_GMP_1.bw","H3K27Ac_GMP_1.broadPeak"
"12","SRR1521799","ChIP-Seq",60,648897960,"PRJNA255796","SAMN02929022",302146702,"H3K27Ac_GMP_2","Granulocyte Monocyte Progenitor (GMP)","GEO","H3K27Ac","public","sra","ncbi,gs,s3","ncbi.public,gs.US,s3.us-east-1","SRX658378","GSM1441273","Illumina HiSeq 1500","SINGLE","ChIP","GENOMIC","Mus musculus","In vivo FACS purified cells","ILLUMINA","2014-08-08T00:00:00Z","GSM1441273","Granulocyte Monocyte Progenitor (GMP)","SRP044685","C57BL/6","SRR1521799_1_trimm_peaks.broadPeak","SRR1521799_1_trimm.bw","H3K27Ac_GMP_2.bw","H3K27Ac_GMP_2.broadPeak"
"13","SRR1521800","ChIP-Seq",60,415969380,"PRJNA255796","SAMN02929023",193247852,"H3K27Ac_MEP_1","Megakaryocitic erythroyd progenitor (MEP)","GEO","H3K27Ac","public","sra","gs,s3,ncbi","ncbi.public,gs.US,s3.us-east-1","SRX658379","GSM1441274","Illumina HiSeq 1500","SINGLE","ChIP","GENOMIC","Mus musculus","In vivo FACS purified cells","ILLUMINA","2014-08-08T00:00:00Z","GSM1441274","Megakaryocitic erythroyd progenitor (MEP)","SRP044685","C57BL/6","SRR1521800_1_trimm_peaks.broadPeak","SRR1521800_1_trimm.bw","H3K27Ac_MEP_1.bw","H3K27Ac_MEP_1.broadPeak"
"14","SRR1521801","ChIP-Seq",60,391261620,"PRJNA255796","SAMN02929024",180899339,"H3K27Ac_EryA_1","Erythrocytes A (Ery A)","GEO","H3K27Ac","public","sra","gs,ncbi,s3","ncbi.public,gs.US,s3.us-east-1","SRX658380","GSM1441275","Illumina HiSeq 1500","SINGLE","ChIP","GENOMIC","Mus musculus","In vivo FACS purified cells","ILLUMINA","2014-08-08T00:00:00Z","GSM1441275","Erythrocytes A (Ery A)","SRP044685","C57BL/6","SRR1521801_1_trimm_peaks.broadPeak","SRR1521801_1_trimm.bw","H3K27Ac_EryA_1.bw","H3K27Ac_EryA_1.broadPeak"
"15","SRR1521802","ChIP-Seq",60,246891480,"PRJNA255796","SAMN02929024",114651460,"H3K27Ac_EryA_2","Erythrocytes A (Ery A)","GEO","H3K27Ac","public","sra","gs,s3,ncbi","ncbi.public,gs.US,s3.us-east-1","SRX658380","GSM1441275","Illumina HiSeq 1500","SINGLE","ChIP","GENOMIC","Mus musculus","In vivo FACS purified cells","ILLUMINA","2014-08-08T00:00:00Z","GSM1441275","Erythrocytes A (Ery A)","SRP044685","C57BL/6","SRR1521802_1_trimm_peaks.broadPeak","SRR1521802_1_trimm.bw","H3K27Ac_EryA_2.bw","H3K27Ac_EryA_2.broadPeak"
"16","SRR1521803","ChIP-Seq",60,518845320,"PRJNA255796","SAMN02929025",240076189,"H3K27Ac_EryB_1","Erythrocytes B (Ery B)","GEO","H3K27Ac","public","sra","gs,ncbi,s3","ncbi.public,gs.US,s3.us-east-1","SRX658381","GSM1441276","Illumina HiSeq 1500","SINGLE","ChIP","GENOMIC","Mus musculus","In vivo FACS purified cells","ILLUMINA","2014-08-08T00:00:00Z","GSM1441276","Erythrocytes B (Ery B)","SRP044685","C57BL/6","SRR1521803_1_trimm_peaks.broadPeak","SRR1521803_1_trimm.bw","H3K27Ac_EryB_1.bw","H3K27Ac_EryB_1.broadPeak"
"17","SRR1521804","ChIP-Seq",60,606784980,"PRJNA255796","SAMN02929025",280663374,"H3K27Ac_EryB_2","Erythrocytes B (Ery B)","GEO","H3K27Ac","public","sra","gs,s3,ncbi","ncbi.public,gs.US,s3.us-east-1","SRX658381","GSM1441276","Illumina HiSeq 1500","SINGLE","ChIP","GENOMIC","Mus musculus","In vivo FACS purified cells","ILLUMINA","2014-08-08T00:00:00Z","GSM1441276","Erythrocytes B (Ery B)","SRP044685","C57BL/6","SRR1521804_1_trimm_peaks.broadPeak","SRR1521804_1_trimm.bw","H3K27Ac_EryB_2.bw","H3K27Ac_EryB_2.broadPeak"
"18","SRR1521805","ChIP-Seq",60,352255200,"PRJNA255796","SAMN02929026",163829664,"H3K27Ac_Granulocytes_1","Granulocytes","GEO","H3K27Ac","public","sra","ncbi,gs,s3","gs.US,s3.us-east-1,ncbi.public","SRX658382","GSM1441277","Illumina HiSeq 1500","SINGLE","ChIP","GENOMIC","Mus musculus","In vivo FACS purified cells","ILLUMINA","2014-08-08T00:00:00Z","GSM1441277","Granulocytes","SRP044685","C57BL/6","SRR1521805_1_trimm_peaks.broadPeak","SRR1521805_1_trimm.bw","H3K27Ac_Granulocytes_1.bw","H3K27Ac_Granulocytes_1.broadPeak"
"19","SRR1521806","ChIP-Seq",60,440600880,"PRJNA255796","SAMN02929026",205293885,"H3K27Ac_Granulocytes_2","Granulocytes","GEO","H3K27Ac","public","sra","gs,s3,ncbi","ncbi.public,gs.US,s3.us-east-1","SRX658382","GSM1441277","Illumina HiSeq 1500","SINGLE","ChIP","GENOMIC","Mus musculus","In vivo FACS purified cells","ILLUMINA","2014-08-08T00:00:00Z","GSM1441277","Granulocytes","SRP044685","C57BL/6","SRR1521806_1_trimm_peaks.broadPeak","SRR1521806_1_trimm.bw","H3K27Ac_Granulocytes_2.bw","H3K27Ac_Granulocytes_2.broadPeak"
"20","SRR1521807","ChIP-Seq",60,422217420,"PRJNA255796","SAMN02929027",191699855,"H3K27Ac_Monocytes_1","Monocytes","GEO","H3K27Ac","public","sra","ncbi,gs,s3","ncbi.public,gs.US,s3.us-east-1","SRX658383","GSM1441278","Illumina HiSeq 1500","SINGLE","ChIP","GENOMIC","Mus musculus","In vivo FACS purified cells","ILLUMINA","2014-08-08T00:00:00Z","GSM1441278","Monocytes","SRP044685","C57BL/6","SRR1521807_1_trimm_peaks.broadPeak","SRR1521807_1_trimm.bw","H3K27Ac_Monocytes_1.bw","H3K27Ac_Monocytes_1.broadPeak"
"21","SRR1521808","ChIP-Seq",60,633724440,"PRJNA255796","SAMN02929027",287027430,"H3K27Ac_Monocytes_2","Monocytes","GEO","H3K27Ac","public","sra","gs,s3,ncbi","gs.US,s3.us-east-1,ncbi.public","SRX658383","GSM1441278","Illumina HiSeq 1500","SINGLE","ChIP","GENOMIC","Mus musculus","In vivo FACS purified cells","ILLUMINA","2014-08-08T00:00:00Z","GSM1441278","Monocytes","SRP044685","C57BL/6","SRR1521808_1_trimm_peaks.broadPeak","SRR1521808_1_trimm.bw","H3K27Ac_Monocytes_2.bw","H3K27Ac_Monocytes_2.broadPeak"
"22","SRR1521809","ChIP-Seq",60,599285460,"PRJNA255796","SAMN02929027",271172306,"H3K27Ac_Monocytes_3","Monocytes","GEO","H3K27Ac","public","sra","gs,s3,ncbi","gs.US,s3.us-east-1,ncbi.public","SRX658383","GSM1441278","Illumina HiSeq 1500","SINGLE","ChIP","GENOMIC","Mus musculus","In vivo FACS purified cells","ILLUMINA","2014-08-08T00:00:00Z","GSM1441278","Monocytes","SRP044685","C57BL/6","SRR1521809_1_trimm_peaks.broadPeak","SRR1521809_1_trimm.bw","H3K27Ac_Monocytes_3.bw","H3K27Ac_Monocytes_3.broadPeak"
"23","SRR1521810","ChIP-Seq",60,646490640,"PRJNA255796","SAMN02929027",293771469,"H3K27Ac_Monocytes_4","Monocytes","GEO","H3K27Ac","public","sra","ncbi,gs,s3","ncbi.public,gs.US,s3.us-east-1","SRX658383","GSM1441278","Illumina HiSeq 1500","SINGLE","ChIP","GENOMIC","Mus musculus","In vivo FACS purified cells","ILLUMINA","2014-08-08T00:00:00Z","GSM1441278","Monocytes","SRP044685","C57BL/6","SRR1521810_1_trimm_peaks.broadPeak","SRR1521810_1_trimm.bw","H3K27Ac_Monocytes_4.bw","H3K27Ac_Monocytes_4.broadPeak"
"24","SRR1521811","ChIP-Seq",60,383535240,"PRJNA255796","SAMN02929028",178725152,"H3K27Ac_Macrophage_1","Bone Marrow Macrophages","GEO","H3K27Ac","public","sra","gs,s3,ncbi","gs.US,s3.us-east-1,ncbi.public","SRX658384","GSM1441279","Illumina HiSeq 1500","SINGLE","ChIP","GENOMIC","Mus musculus","In vivo FACS purified cells","ILLUMINA","2014-08-08T00:00:00Z","GSM1441279","Bone Marrow Macrophages","SRP044685","C57BL/6","SRR1521811_1_trimm_peaks.broadPeak","SRR1521811_1_trimm.bw","H3K27Ac_Macrophage_1.bw","H3K27Ac_Macrophage_1.broadPeak"
"25","SRR1521812","ChIP-Seq",60,301988940,"PRJNA255796","SAMN02929028",140259980,"H3K27Ac_Macrophage_2","Bone Marrow Macrophages","GEO","H3K27Ac","public","sra","gs,s3,ncbi","gs.US,s3.us-east-1,ncbi.public","SRX658384","GSM1441279","Illumina HiSeq 1500","SINGLE","ChIP","GENOMIC","Mus musculus","In vivo FACS purified cells","ILLUMINA","2014-08-08T00:00:00Z","GSM1441279","Bone Marrow Macrophages","SRP044685","C57BL/6","SRR1521812_1_trimm_peaks.broadPeak","SRR1521812_1_trimm.bw","H3K27Ac_Macrophage_2.bw","H3K27Ac_Macrophage_2.broadPeak"
"26","SRR1521813","ChIP-Seq",60,843398640,"PRJNA255796","SAMN02929028",382341988,"H3K27Ac_Macrophage_3","Bone Marrow Macrophages","GEO","H3K27Ac","public","sra","gs,s3,ncbi","ncbi.public,gs.US,s3.us-east-1","SRX658384","GSM1441279","Illumina HiSeq 1500","SINGLE","ChIP","GENOMIC","Mus musculus","In vivo FACS purified cells","ILLUMINA","2014-08-08T00:00:00Z","GSM1441279","Bone Marrow Macrophages","SRP044685","C57BL/6","SRR1521813_1_trimm_peaks.broadPeak","SRR1521813_1_trimm.bw","H3K27Ac_Macrophage_3.bw","H3K27Ac_Macrophage_3.broadPeak"
"27","SRR1521814","ChIP-Seq",60,789318000,"PRJNA255796","SAMN02929028",358431682,"H3K27Ac_Macrophage_4","Bone Marrow Macrophages","GEO","H3K27Ac","public","sra","gs,ncbi,s3","ncbi.public,gs.US,s3.us-east-1","SRX658384","GSM1441279","Illumina HiSeq 1500","SINGLE","ChIP","GENOMIC","Mus musculus","In vivo FACS purified cells","ILLUMINA","2014-08-08T00:00:00Z","GSM1441279","Bone Marrow Macrophages","SRP044685","C57BL/6","SRR1521814_1_trimm_peaks.broadPeak","SRR1521814_1_trimm.bw","H3K27Ac_Macrophage_4.bw","H3K27Ac_Macrophage_4.broadPeak"
"28","SRR1521815","ChIP-Seq",60,262573200,"PRJNA255796","SAMN02929029",121777474,"H3K27Ac_B_cell_1","B cells","GEO","H3K27Ac","public","sra","gs,s3,ncbi","ncbi.public,gs.US,s3.us-east-1","SRX658385","GSM1441280","Illumina HiSeq 1500","SINGLE","ChIP","GENOMIC","Mus musculus","In vivo FACS purified cells","ILLUMINA","2014-08-08T00:00:00Z","GSM1441280","B cells","SRP044685","C57BL/6","SRR1521815_1_trimm_peaks.broadPeak","SRR1521815_1_trimm.bw","H3K27Ac_B_cell_1.bw","H3K27Ac_B_cell_1.broadPeak"
"29","SRR1521816","ChIP-Seq",60,275614200,"PRJNA255796","SAMN02929029",127877227,"H3K27Ac_B_cell_2","B cells","GEO","H3K27Ac","public","sra","ncbi,gs,s3","gs.US,s3.us-east-1,ncbi.public","SRX658385","GSM1441280","Illumina HiSeq 1500","SINGLE","ChIP","GENOMIC","Mus musculus","In vivo FACS purified cells","ILLUMINA","2014-08-08T00:00:00Z","GSM1441280","B cells","SRP044685","C57BL/6","SRR1521816_1_trimm_peaks.broadPeak","SRR1521816_1_trimm.bw","H3K27Ac_B_cell_2.bw","H3K27Ac_B_cell_2.broadPeak"
"30","SRR1521817","ChIP-Seq",60,947646600,"PRJNA255796","SAMN02929030",419248899,"H3K27Ac_CD4T_1","T CD4+ cells","GEO","H3K27Ac","public","sra","ncbi,gs,s3","ncbi.public,gs.US,s3.us-east-1","SRX658386","GSM1441281","Illumina HiSeq 1500","SINGLE","ChIP","GENOMIC","Mus musculus","In vivo FACS purified cells","ILLUMINA","2014-08-08T00:00:00Z","GSM1441281","T CD4+ cells","SRP044685","C57BL/6","SRR1521817_1_trimm_peaks.broadPeak","SRR1521817_1_trimm.bw","H3K27Ac_CD4T_1.bw","H3K27Ac_CD4T_1.broadPeak"
"31","SRR1521818","ChIP-Seq",60,1714261020,"PRJNA255796","SAMN02929030",751938210,"H3K27Ac_CD4T_2","T CD4+ cells","GEO","H3K27Ac","public","sra","gs,s3,ncbi","gs.US,s3.us-east-1,ncbi.public","SRX658386","GSM1441281","Illumina HiSeq 1500","SINGLE","ChIP","GENOMIC","Mus musculus","In vivo FACS purified cells","ILLUMINA","2014-08-08T00:00:00Z","GSM1441281","T CD4+ cells","SRP044685","C57BL/6","SRR1521818_1_trimm_peaks.broadPeak","SRR1521818_1_trimm.bw","H3K27Ac_CD4T_2.bw","H3K27Ac_CD4T_2.broadPeak"
"32","SRR1521819","ChIP-Seq",60,486122460,"PRJNA255796","SAMN02929031",214571790,"H3K27Ac_CD8T_1","T CD8+ cells","GEO","H3K27Ac","public","sra","gs,ncbi,s3","ncbi.public,gs.US,s3.us-east-1","SRX658387","GSM1441282","Illumina HiSeq 1500","SINGLE","ChIP","GENOMIC","Mus musculus","In vivo FACS purified cells","ILLUMINA","2014-08-08T00:00:00Z","GSM1441282","T CD8+ cells","SRP044685","C57BL/6","SRR1521819_1_trimm_peaks.broadPeak","SRR1521819_1_trimm.bw","H3K27Ac_CD8T_1.bw","H3K27Ac_CD8T_1.broadPeak"
"33","SRR1521820","ChIP-Seq",60,1101373560,"PRJNA255796","SAMN02929031",485599821,"H3K27Ac_CD8T_2","T CD8+ cells","GEO","H3K27Ac","public","sra","ncbi,gs,s3","ncbi.public,gs.US,s3.us-east-1","SRX658387","GSM1441282","Illumina HiSeq 1500","SINGLE","ChIP","GENOMIC","Mus musculus","In vivo FACS purified cells","ILLUMINA","2014-08-08T00:00:00Z","GSM1441282","T CD8+ cells","SRP044685","C57BL/6","SRR1521820_1_trimm_peaks.broadPeak","SRR1521820_1_trimm.bw","H3K27Ac_CD8T_2.bw","H3K27Ac_CD8T_2.broadPeak"
"34","SRR1521821","ChIP-Seq",60,161312700,"PRJNA255796","SAMN02929032",75779768,"H3K27Ac_NK_1","NK Cells","GEO","H3K27Ac","public","sra","gs,s3,ncbi","gs.US,s3.us-east-1,ncbi.public","SRX658388","GSM1441283","Illumina HiSeq 1500","SINGLE","ChIP","GENOMIC","Mus musculus","In vivo FACS purified cells","ILLUMINA","2014-08-08T00:00:00Z","GSM1441283","NK Cells","SRP044685","C57BL/6","SRR1521821_1_trimm_peaks.broadPeak","SRR1521821_1_trimm.bw","H3K27Ac_NK_1.bw","H3K27Ac_NK_1.broadPeak"
"35","SRR1521822","ChIP-Seq",60,132298620,"PRJNA255796","SAMN02929032",62112173,"H3K27Ac_NK_2","NK Cells","GEO","H3K27Ac","public","sra","gs,s3,ncbi","gs.US,s3.us-east-1,ncbi.public","SRX658388","GSM1441283","Illumina HiSeq 1500","SINGLE","ChIP","GENOMIC","Mus musculus","In vivo FACS purified cells","ILLUMINA","2014-08-08T00:00:00Z","GSM1441283","NK Cells","SRP044685","C57BL/6","SRR1521822_1_trimm_peaks.broadPeak","SRR1521822_1_trimm.bw","H3K27Ac_NK_2.bw","H3K27Ac_NK_2.broadPeak"
"36","SRR1521823","ChIP-Seq",60,396853080,"PRJNA255796","SAMN02929033",184101727,"H3K27Ac_CLP_1","Common Lymphoid Progenitor (CLP)","GEO","H3K27Ac","public","sra","ncbi,gs,s3","ncbi.public,s3.us-east-1,gs.US","SRX658389","GSM1441284","Illumina HiSeq 1500","SINGLE","ChIP","GENOMIC","Mus musculus","In vivo FACS purified cells","ILLUMINA","2014-08-08T00:00:00Z","GSM1441284","Common Lymphoid Progenitor (CLP)","SRP044685","C57BL/6","SRR1521823_1_trimm_peaks.broadPeak","SRR1521823_1_trimm.bw","H3K27Ac_CLP_1.bw","H3K27Ac_CLP_1.broadPeak"
"37","SRR1521824","ChIP-Seq",60,358990920,"PRJNA255796","SAMN02929033",166332681,"H3K27Ac_CLP_2","Common Lymphoid Progenitor (CLP)","GEO","H3K27Ac","public","sra","gs,s3,ncbi","ncbi.public,gs.US,s3.us-east-1","SRX658389","GSM1441284","Illumina HiSeq 1500","SINGLE","ChIP","GENOMIC","Mus musculus","In vivo FACS purified cells","ILLUMINA","2014-08-08T00:00:00Z","GSM1441284","Common Lymphoid Progenitor (CLP)","SRP044685","C57BL/6","SRR1521824_1_trimm_peaks.broadPeak","SRR1521824_1_trimm.bw","H3K27Ac_CLP_2.bw","H3K27Ac_CLP_2.broadPeak"
"38","SRR1521825","ChIP-Seq",60,640144920,"PRJNA255796","SAMN02929033",291743093,"H3K27Ac_CLP_3","Common Lymphoid Progenitor (CLP)","GEO","H3K27Ac","public","sra","ncbi,gs,s3","gs.US,s3.us-east-1,ncbi.public","SRX658389","GSM1441284","Illumina HiSeq 1500","SINGLE","ChIP","GENOMIC","Mus musculus","In vivo FACS purified cells","ILLUMINA","2014-08-08T00:00:00Z","GSM1441284","Common Lymphoid Progenitor (CLP)","SRP044685","C57BL/6","SRR1521825_1_trimm_peaks.broadPeak","SRR1521825_1_trimm.bw","H3K27Ac_CLP_3.bw","H3K27Ac_CLP_3.broadPeak"
"39","SRR1521826","ChIP-Seq",60,789826860,"PRJNA255796","SAMN02929033",359097249,"H3K27Ac_CLP_4","Common Lymphoid Progenitor (CLP)","GEO","H3K27Ac","public","sra","gs,s3,ncbi","gs.US,s3.us-east-1,ncbi.public","SRX658389","GSM1441284","Illumina HiSeq 1500","SINGLE","ChIP","GENOMIC","Mus musculus","In vivo FACS purified cells","ILLUMINA","2014-08-08T00:00:00Z","GSM1441284","Common Lymphoid Progenitor (CLP)","SRP044685","C57BL/6","SRR1521826_1_trimm_peaks.broadPeak","SRR1521826_1_trimm.bw","H3K27Ac_CLP_4.bw","H3K27Ac_CLP_4.broadPeak"
"40","SRR1521827","ChIP-Seq",60,733345020,"PRJNA255796","SAMN02929033",333131508,"H3K27Ac_CLP_5","Common Lymphoid Progenitor (CLP)","GEO","H3K27Ac","public","sra","gs,ncbi,s3","ncbi.public,gs.US,s3.us-east-1","SRX658389","GSM1441284","Illumina HiSeq 1500","SINGLE","ChIP","GENOMIC","Mus musculus","In vivo FACS purified cells","ILLUMINA","2014-08-08T00:00:00Z","GSM1441284","Common Lymphoid Progenitor (CLP)","SRP044685","C57BL/6","SRR1521827_1_trimm_peaks.broadPeak","SRR1521827_1_trimm.bw","H3K27Ac_CLP_5.bw","H3K27Ac_CLP_5.broadPeak"
"41","SRR1521828","ChIP-Seq",60,368857860,"PRJNA255796","SAMN02929034",167335258,"H3K4me1_LT_HSC_1","Long Term Hematopoietic Stem Cell (LT-HSC)","GEO","H3K4me1","public","sra","ncbi,gs,s3","ncbi.public,gs.US,s3.us-east-1","SRX658390","GSM1441285","Illumina HiSeq 1500","SINGLE","ChIP","GENOMIC","Mus musculus","In vivo FACS purified cells","ILLUMINA","2014-08-08T00:00:00Z","GSM1441285","Long Term Hematopoietic Stem Cell (LT-HSC)","SRP044685","C57BL/6","SRR1521828_1_trimm_peaks.broadPeak","SRR1521828_1_trimm.bw","H3K4me1_LT_HSC_1.bw","H3K4me1_LT_HSC_1.broadPeak"
"42","SRR1521829","ChIP-Seq",60,973824480,"PRJNA255796","SAMN02929035",421660916,"H3K4me1_ST_HSC_1","Short Term Hematopoietic Stem Cell (ST-HSC)","GEO","H3K4me1","public","sra","gs,s3,ncbi","ncbi.public,gs.US,s3.us-east-1","SRX658391","GSM1441286","Illumina HiSeq 1500","SINGLE","ChIP","GENOMIC","Mus musculus","In vivo FACS purified cells","ILLUMINA","2014-08-08T00:00:00Z","GSM1441286","Short Term Hematopoietic Stem Cell (ST-HSC)","SRP044685","C57BL/6","SRR1521829_1_trimm_peaks.broadPeak","SRR1521829_1_trimm.bw","H3K4me1_ST_HSC_1.bw","H3K4me1_ST_HSC_1.broadPeak"
"43","SRR1521830","ChIP-Seq",60,902713260,"PRJNA255796","SAMN02929035",392168777,"H3K4me1_ST_HSC_2","Short Term Hematopoietic Stem Cell (ST-HSC)","GEO","H3K4me1","public","sra","ncbi,gs,s3","ncbi.public,gs.US,s3.us-east-1","SRX658391","GSM1441286","Illumina HiSeq 1500","SINGLE","ChIP","GENOMIC","Mus musculus","In vivo FACS purified cells","ILLUMINA","2014-08-08T00:00:00Z","GSM1441286","Short Term Hematopoietic Stem Cell (ST-HSC)","SRP044685","C57BL/6","SRR1521830_1_trimm_peaks.broadPeak","SRR1521830_1_trimm.bw","H3K4me1_ST_HSC_2.bw","H3K4me1_ST_HSC_2.broadPeak"
"44","SRR1521831","ChIP-Seq",60,819399360,"PRJNA255796","SAMN02929035",369993325,"H3K4me1_ST_HSC_3","Short Term Hematopoietic Stem Cell (ST-HSC)","GEO","H3K4me1","public","sra","ncbi,gs,s3","ncbi.public,gs.US,s3.us-east-1","SRX658391","GSM1441286","Illumina HiSeq 1500","SINGLE","ChIP","GENOMIC","Mus musculus","In vivo FACS purified cells","ILLUMINA","2014-08-08T00:00:00Z","GSM1441286","Short Term Hematopoietic Stem Cell (ST-HSC)","SRP044685","C57BL/6","SRR1521831_1_trimm_peaks.broadPeak","SRR1521831_1_trimm.bw","H3K4me1_ST_HSC_3.bw","H3K4me1_ST_HSC_3.broadPeak"
"45","SRR1521832","ChIP-Seq",60,760138860,"PRJNA255796","SAMN02929036",329818538,"H3K4me1_MPP_1","Multipotent Progenitor (MPP)","GEO","H3K4me1","public","sra","gs,s3,ncbi","gs.US,s3.us-east-1,ncbi.public","SRX658392","GSM1441287","Illumina HiSeq 1500","SINGLE","ChIP","GENOMIC","Mus musculus","In vivo FACS purified cells","ILLUMINA","2014-08-08T00:00:00Z","GSM1441287","Multipotent Progenitor (MPP)","SRP044685","C57BL/6","SRR1521832_1_trimm_peaks.broadPeak","SRR1521832_1_trimm.bw","H3K4me1_MPP_1.bw","H3K4me1_MPP_1.broadPeak"
"46","SRR1521833","ChIP-Seq",60,713506020,"PRJNA255796","SAMN02929036",309511751,"H3K4me1_MPP_2","Multipotent Progenitor (MPP)","GEO","H3K4me1","public","sra","ncbi,gs,s3","ncbi.public,gs.US,s3.us-east-1","SRX658392","GSM1441287","Illumina HiSeq 1500","SINGLE","ChIP","GENOMIC","Mus musculus","In vivo FACS purified cells","ILLUMINA","2014-08-08T00:00:00Z","GSM1441287","Multipotent Progenitor (MPP)","SRP044685","C57BL/6","SRR1521833_1_trimm_peaks.broadPeak","SRR1521833_1_trimm.bw","H3K4me1_MPP_2.bw","H3K4me1_MPP_2.broadPeak"
"47","SRR1521834","ChIP-Seq",60,660754860,"PRJNA255796","SAMN02929037",285987179,"H3K4me1_CMP_1","Common Myeloid Progenitor (CMP)","GEO","H3K4me1","public","sra","s3,gs,ncbi","ncbi.public,gs.US,s3.us-east-1","SRX658393","GSM1441288","Illumina HiSeq 1500","SINGLE","ChIP","GENOMIC","Mus musculus","In vivo FACS purified cells","ILLUMINA","2014-08-08T00:00:00Z","GSM1441288","Common Myeloid Progenitor (CMP)","SRP044685","C57BL/6","SRR1521834_1_trimm_peaks.broadPeak","SRR1521834_1_trimm.bw","H3K4me1_CMP_1.bw","H3K4me1_CMP_1.broadPeak"
"48","SRR1521835","ChIP-Seq",60,607369740,"PRJNA255796","SAMN02929037",263172842,"H3K4me1_CMP_2","Common Myeloid Progenitor (CMP)","GEO","H3K4me1","public","sra","gs,s3,ncbi","ncbi.public,gs.US,s3.us-east-1","SRX658393","GSM1441288","Illumina HiSeq 1500","SINGLE","ChIP","GENOMIC","Mus musculus","In vivo FACS purified cells","ILLUMINA","2014-08-08T00:00:00Z","GSM1441288","Common Myeloid Progenitor (CMP)","SRP044685","C57BL/6","SRR1521835_1_trimm_peaks.broadPeak","SRR1521835_1_trimm.bw","H3K4me1_CMP_2.bw","H3K4me1_CMP_2.broadPeak"
"49","SRR1521836","ChIP-Seq",60,709343400,"PRJNA255796","SAMN02929037",307211341,"H3K4me1_CMP_3","Common Myeloid Progenitor (CMP)","GEO","H3K4me1","public","sra","gs,s3,ncbi","gs.US,s3.us-east-1,ncbi.public","SRX658393","GSM1441288","Illumina HiSeq 1500","SINGLE","ChIP","GENOMIC","Mus musculus","In vivo FACS purified cells","ILLUMINA","2014-08-08T00:00:00Z","GSM1441288","Common Myeloid Progenitor (CMP)","SRP044685","C57BL/6","SRR1521836_1_trimm_peaks.broadPeak","SRR1521836_1_trimm.bw","H3K4me1_CMP_3.bw","H3K4me1_CMP_3.broadPeak"
"50","SRR1521837","ChIP-Seq",50,387545500,"PRJNA255796","SAMN02929038",403398396,"H3K4me1_GMP_1","Granulocyte Monocyte Progenitor (GMP)","GEO","H3K4me1","public","sra","gs,s3,ncbi","ncbi.public,gs.US,s3.us-east-1","SRX658394","GSM1441289","Illumina HiSeq 1500","SINGLE","ChIP","GENOMIC","Mus musculus","In vivo FACS purified cells","ILLUMINA","2014-08-08T00:00:00Z","GSM1441289","Granulocyte Monocyte Progenitor (GMP)","SRP044685","C57BL/6","SRR1521837_1_trimm_peaks.broadPeak","SRR1521837_1_trimm.bw","H3K4me1_GMP_1.bw","H3K4me1_GMP_1.broadPeak"
"51","SRR1521838","ChIP-Seq",50,665988700,"PRJNA255796","SAMN02929038",698893405,"H3K4me1_GMP_2","Granulocyte Monocyte Progenitor (GMP)","GEO","H3K4me1","public","sra","gs,s3,ncbi","ncbi.public,gs.US,s3.us-east-1","SRX658394","GSM1441289","Illumina HiSeq 1500","SINGLE","ChIP","GENOMIC","Mus musculus","In vivo FACS purified cells","ILLUMINA","2014-08-08T00:00:00Z","GSM1441289","Granulocyte Monocyte Progenitor (GMP)","SRP044685","C57BL/6","SRR1521838_1_trimm_peaks.broadPeak","SRR1521838_1_trimm.bw","H3K4me1_GMP_2.bw","H3K4me1_GMP_2.broadPeak"
"52","SRR1521839","ChIP-Seq",50,794657050,"PRJNA255796","SAMN02929039",835235684,"H3K4me1_MEP_1","Megakaryocitic erythroyd progenitor (MEP)","GEO","H3K4me1","public","sra","gs,s3,ncbi","ncbi.public,gs.US,s3.us-east-1","SRX658395","GSM1441290","Illumina HiSeq 1500","SINGLE","ChIP","GENOMIC","Mus musculus","In vivo FACS purified cells","ILLUMINA","2014-08-08T00:00:00Z","GSM1441290","Megakaryocitic erythroyd progenitor (MEP)","SRP044685","C57BL/6","SRR1521839_1_trimm_peaks.broadPeak","SRR1521839_1_trimm.bw","H3K4me1_MEP_1.bw","H3K4me1_MEP_1.broadPeak"
"53","SRR1521840","ChIP-Seq",60,375324060,"PRJNA255796","SAMN02929040",162129395,"H3K4me1_EryA_1","Erythrocytes A (Ery A)","GEO","H3K4me1","public","sra","ncbi,gs,s3","ncbi.public,gs.US,s3.us-east-1","SRX658396","GSM1441291","Illumina HiSeq 1500","SINGLE","ChIP","GENOMIC","Mus musculus","In vivo FACS purified cells","ILLUMINA","2014-08-08T00:00:00Z","GSM1441291","Erythrocytes A (Ery A)","SRP044685","C57BL/6","SRR1521840_1_trimm_peaks.broadPeak","SRR1521840_1_trimm.bw","H3K4me1_EryA_1.bw","H3K4me1_EryA_1.broadPeak"
"54","SRR1521841","ChIP-Seq",60,232761000,"PRJNA255796","SAMN02929040",100894033,"H3K4me1_EryA_2","Erythrocytes A (Ery A)","GEO","H3K4me1","public","sra","gs,ncbi,s3","gs.US,s3.us-east-1,ncbi.public","SRX658396","GSM1441291","Illumina HiSeq 1500","SINGLE","ChIP","GENOMIC","Mus musculus","In vivo FACS purified cells","ILLUMINA","2014-08-08T00:00:00Z","GSM1441291","Erythrocytes A (Ery A)","SRP044685","C57BL/6","SRR1521841_1_trimm_peaks.broadPeak","SRR1521841_1_trimm.bw","H3K4me1_EryA_2.bw","H3K4me1_EryA_2.broadPeak"
"55","SRR1521842","ChIP-Seq",60,484686960,"PRJNA255796","SAMN02929041",209921109,"H3K4me1_EryB_1","Erythrocytes B (Ery B)","GEO","H3K4me1","public","sra","gs,ncbi,s3","gs.US,s3.us-east-1,ncbi.public","SRX658397","GSM1441292","Illumina HiSeq 1500","SINGLE","ChIP","GENOMIC","Mus musculus","In vivo FACS purified cells","ILLUMINA","2014-08-08T00:00:00Z","GSM1441292","Erythrocytes B (Ery B)","SRP044685","C57BL/6","SRR1521842_1_trimm_peaks.broadPeak","SRR1521842_1_trimm.bw","H3K4me1_EryB_1.bw","H3K4me1_EryB_1.broadPeak"
"56","SRR1521843","ChIP-Seq",60,571056420,"PRJNA255796","SAMN02929041",247176677,"H3K4me1_EryB_2","Erythrocytes B (Ery B)","GEO","H3K4me1","public","sra","gs,s3,ncbi","gs.US,s3.us-east-1,ncbi.public","SRX658397","GSM1441292","Illumina HiSeq 1500","SINGLE","ChIP","GENOMIC","Mus musculus","In vivo FACS purified cells","ILLUMINA","2014-08-08T00:00:00Z","GSM1441292","Erythrocytes B (Ery B)","SRP044685","C57BL/6","SRR1521843_1_trimm_peaks.broadPeak","SRR1521843_1_trimm.bw","H3K4me1_EryB_2.bw","H3K4me1_EryB_2.broadPeak"
"57","SRR1521844","ChIP-Seq",60,505564200,"PRJNA255796","SAMN02929042",217367417,"H3K4me1_Granulocytes_1","Granulocytes","GEO","H3K4me1","public","sra","gs,ncbi,s3","ncbi.public,gs.US,s3.us-east-1","SRX658398","GSM1441293","Illumina HiSeq 1500","SINGLE","ChIP","GENOMIC","Mus musculus","In vivo FACS purified cells","ILLUMINA","2014-08-08T00:00:00Z","GSM1441293","Granulocytes","SRP044685","C57BL/6","SRR1521844_1_trimm_peaks.broadPeak","SRR1521844_1_trimm.bw","H3K4me1_Granulocytes_1.bw","H3K4me1_Granulocytes_1.broadPeak"
"58","SRR1521845","ChIP-Seq",60,642900540,"PRJNA255796","SAMN02929042",277112335,"H3K4me1_Granulocytes_2","Granulocytes","GEO","H3K4me1","public","sra","s3,ncbi,gs","ncbi.public,gs.US,s3.us-east-1","SRX658398","GSM1441293","Illumina HiSeq 1500","SINGLE","ChIP","GENOMIC","Mus musculus","In vivo FACS purified cells","ILLUMINA","2014-08-08T00:00:00Z","GSM1441293","Granulocytes","SRP044685","C57BL/6","SRR1521845_1_trimm_peaks.broadPeak","SRR1521845_1_trimm.bw","H3K4me1_Granulocytes_2.bw","H3K4me1_Granulocytes_2.broadPeak"
"59","SRR1521846","ChIP-Seq",50,413324550,"PRJNA255796","SAMN02929042",436008703,"H3K4me1_Granulocytes_3","Granulocytes","GEO","H3K4me1","public","sra","ncbi,gs,s3","ncbi.public,gs.US,s3.us-east-1","SRX658398","GSM1441293","Illumina HiSeq 1500","SINGLE","ChIP","GENOMIC","Mus musculus","In vivo FACS purified cells","ILLUMINA","2014-08-08T00:00:00Z","GSM1441293","Granulocytes","SRP044685","C57BL/6","SRR1521846_1_trimm_peaks.broadPeak","SRR1521846_1_trimm.bw","H3K4me1_Granulocytes_3.bw","H3K4me1_Granulocytes_3.broadPeak"
"60","SRR1521847","ChIP-Seq",60,568158420,"PRJNA255796","SAMN02929043",258434626,"H3K4me1_Monocytes_1","Monocytes","GEO","H3K4me1","public","sra","gs,s3,ncbi","ncbi.public,gs.US,s3.us-east-1","SRX658399","GSM1441294","Illumina HiSeq 1500","SINGLE","ChIP","GENOMIC","Mus musculus","In vivo FACS purified cells","ILLUMINA","2014-08-08T00:00:00Z","GSM1441294","Monocytes","SRP044685","C57BL/6","SRR1521847_1_trimm_peaks.broadPeak","SRR1521847_1_trimm.bw","H3K4me1_Monocytes_1.bw","H3K4me1_Monocytes_1.broadPeak"
"61","SRR1521848","ChIP-Seq",60,684223260,"PRJNA255796","SAMN02929043",312183297,"H3K4me1_Monocytes_2","Monocytes","GEO","H3K4me1","public","sra","ncbi,gs,s3","ncbi.public,gs.US,s3.us-east-1","SRX658399","GSM1441294","Illumina HiSeq 1500","SINGLE","ChIP","GENOMIC","Mus musculus","In vivo FACS purified cells","ILLUMINA","2014-08-08T00:00:00Z","GSM1441294","Monocytes","SRP044685","C57BL/6","SRR1521848_1_trimm_peaks.broadPeak","SRR1521848_1_trimm.bw","H3K4me1_Monocytes_2.bw","H3K4me1_Monocytes_2.broadPeak"
"62","SRR1521849","ChIP-Seq",60,661903260,"PRJNA255796","SAMN02929043",301244780,"H3K4me1_Monocytes_3","Monocytes","GEO","H3K4me1","public","sra","gs,s3,ncbi","ncbi.public,gs.US,s3.us-east-1","SRX658399","GSM1441294","Illumina HiSeq 1500","SINGLE","ChIP","GENOMIC","Mus musculus","In vivo FACS purified cells","ILLUMINA","2014-08-08T00:00:00Z","GSM1441294","Monocytes","SRP044685","C57BL/6","SRR1521849_1_trimm_peaks.broadPeak","SRR1521849_1_trimm.bw","H3K4me1_Monocytes_3.bw","H3K4me1_Monocytes_3.broadPeak"
"63","SRR1521850","ChIP-Seq",60,722260200,"PRJNA255796","SAMN02929043",327739288,"H3K4me1_Monocytes_4","Monocytes","GEO","H3K4me1","public","sra","gs,s3,ncbi","ncbi.public,gs.US,s3.us-east-1","SRX658399","GSM1441294","Illumina HiSeq 1500","SINGLE","ChIP","GENOMIC","Mus musculus","In vivo FACS purified cells","ILLUMINA","2014-08-08T00:00:00Z","GSM1441294","Monocytes","SRP044685","C57BL/6","SRR1521850_1_trimm_peaks.broadPeak","SRR1521850_1_trimm.bw","H3K4me1_Monocytes_4.bw","H3K4me1_Monocytes_4.broadPeak"
"64","SRR1521851","ChIP-Seq",60,542461440,"PRJNA255796","SAMN02929044",234037204,"H3K4me1_Macrophage_1","Bone Marrow Macrophages","GEO","H3K4me1","public","sra","ncbi,gs,s3","ncbi.public,s3.us-east-1,gs.US","SRX658400","GSM1441295","Illumina HiSeq 1500","SINGLE","ChIP","GENOMIC","Mus musculus","In vivo FACS purified cells","ILLUMINA","2014-08-08T00:00:00Z","GSM1441295","Bone Marrow Macrophages","SRP044685","C57BL/6","SRR1521851_1_trimm_peaks.broadPeak","SRR1521851_1_trimm.bw","H3K4me1_Macrophage_1.bw","H3K4me1_Macrophage_1.broadPeak"
"65","SRR1521852","ChIP-Seq",60,399516900,"PRJNA255796","SAMN02929044",171884904,"H3K4me1_Macrophage_2","Bone Marrow Macrophages","GEO","H3K4me1","public","sra","gs,ncbi,s3","gs.US,s3.us-east-1,ncbi.public","SRX658400","GSM1441295","Illumina HiSeq 1500","SINGLE","ChIP","GENOMIC","Mus musculus","In vivo FACS purified cells","ILLUMINA","2014-08-08T00:00:00Z","GSM1441295","Bone Marrow Macrophages","SRP044685","C57BL/6","SRR1521852_1_trimm_peaks.broadPeak","SRR1521852_1_trimm.bw","H3K4me1_Macrophage_2.bw","H3K4me1_Macrophage_2.broadPeak"
"66","SRR1521853","ChIP-Seq",60,439215540,"PRJNA255796","SAMN02929044",199603316,"H3K4me1_Macrophage_3","Bone Marrow Macrophages","GEO","H3K4me1","public","sra","gs,s3,ncbi","ncbi.public,gs.US,s3.us-east-1","SRX658400","GSM1441295","Illumina HiSeq 1500","SINGLE","ChIP","GENOMIC","Mus musculus","In vivo FACS purified cells","ILLUMINA","2014-08-08T00:00:00Z","GSM1441295","Bone Marrow Macrophages","SRP044685","C57BL/6","SRR1521853_1_trimm_peaks.broadPeak","SRR1521853_1_trimm.bw","H3K4me1_Macrophage_3.bw","H3K4me1_Macrophage_3.broadPeak"
"67","SRR1521854","ChIP-Seq",60,780533340,"PRJNA255796","SAMN02929044",354456568,"H3K4me1_Macrophage_4","Bone Marrow Macrophages","GEO","H3K4me1","public","sra","gs,ncbi,s3","ncbi.public,gs.US,s3.us-east-1","SRX658400","GSM1441295","Illumina HiSeq 1500","SINGLE","ChIP","GENOMIC","Mus musculus","In vivo FACS purified cells","ILLUMINA","2014-08-08T00:00:00Z","GSM1441295","Bone Marrow Macrophages","SRP044685","C57BL/6","SRR1521854_1_trimm_peaks.broadPeak","SRR1521854_1_trimm.bw","H3K4me1_Macrophage_4.bw","H3K4me1_Macrophage_4.broadPeak"
"68","SRR1521855","ChIP-Seq",60,1377658500,"PRJNA255796","SAMN02929045",618619310,"H3K4me1_B_cell_1","B cells","GEO","H3K4me1","public","sra","gs,s3,ncbi","ncbi.public,s3.us-east-1,gs.US","SRX658401","GSM1441296","Illumina HiSeq 1500","SINGLE","ChIP","GENOMIC","Mus musculus","In vivo FACS purified cells","ILLUMINA","2014-08-08T00:00:00Z","GSM1441296","B cells","SRP044685","C57BL/6","SRR1521855_1_trimm_peaks.broadPeak","SRR1521855_1_trimm.bw","H3K4me1_B_cell_1.bw","H3K4me1_B_cell_1.broadPeak"
"69","SRR1521856","ChIP-Seq",60,540709020,"PRJNA255796","SAMN02929045",231129694,"H3K4me1_B_cell_2","B cells","GEO","H3K4me1","public","sra","gs,s3,ncbi","gs.US,s3.us-east-1,ncbi.public","SRX658401","GSM1441296","Illumina HiSeq 1500","SINGLE","ChIP","GENOMIC","Mus musculus","In vivo FACS purified cells","ILLUMINA","2014-08-08T00:00:00Z","GSM1441296","B cells","SRP044685","C57BL/6","SRR1521856_1_trimm_peaks.broadPeak","SRR1521856_1_trimm.bw","H3K4me1_B_cell_2.bw","H3K4me1_B_cell_2.broadPeak"
"70","SRR1521857","ChIP-Seq",60,596598060,"PRJNA255796","SAMN02929045",255285253,"H3K4me1_B_cell_3","B cells","GEO","H3K4me1","public","sra","gs,ncbi,s3","gs.US,s3.us-east-1,ncbi.public","SRX658401","GSM1441296","Illumina HiSeq 1500","SINGLE","ChIP","GENOMIC","Mus musculus","In vivo FACS purified cells","ILLUMINA","2014-08-08T00:00:00Z","GSM1441296","B cells","SRP044685","C57BL/6","SRR1521857_1_trimm_peaks.broadPeak","SRR1521857_1_trimm.bw","H3K4me1_B_cell_3.bw","H3K4me1_B_cell_3.broadPeak"
"71","SRR1521858","ChIP-Seq",60,1022902260,"PRJNA255796","SAMN02929052",462199371,"H3K4me1_CD4T_1","T CD4+ cells","GEO","H3K4me1","public","sra","ncbi,gs,s3","ncbi.public,gs.US,s3.us-east-1","SRX658402","GSM1441297","Illumina HiSeq 1500","SINGLE","ChIP","GENOMIC","Mus musculus","In vivo FACS purified cells","ILLUMINA","2014-08-08T00:00:00Z","GSM1441297","T CD4+ cells","SRP044685","C57BL/6","SRR1521858_1_trimm_peaks.broadPeak","SRR1521858_1_trimm.bw","H3K4me1_CD4T_1.bw","H3K4me1_CD4T_1.broadPeak"
"72","SRR1521859","ChIP-Seq",60,1423212060,"PRJNA255796","SAMN02929052",640089897,"H3K4me1_CD4T_2","T CD4+ cells","GEO","H3K4me1","public","sra","ncbi,gs,s3","ncbi.public,gs.US,s3.us-east-1","SRX658402","GSM1441297","Illumina HiSeq 1500","SINGLE","ChIP","GENOMIC","Mus musculus","In vivo FACS purified cells","ILLUMINA","2014-08-08T00:00:00Z","GSM1441297","T CD4+ cells","SRP044685","C57BL/6","SRR1521859_1_trimm_peaks.broadPeak","SRR1521859_1_trimm.bw","H3K4me1_CD4T_2.bw","H3K4me1_CD4T_2.broadPeak"
"73","SRR1521860","ChIP-Seq",60,522419460,"PRJNA255796","SAMN02929053",235501913,"H3K4me1_CD8T_1","T CD8+ cells","GEO","H3K4me1","public","sra","gs,s3,ncbi","ncbi.public,gs.US,s3.us-east-1","SRX658403","GSM1441298","Illumina HiSeq 1500","SINGLE","ChIP","GENOMIC","Mus musculus","In vivo FACS purified cells","ILLUMINA","2014-08-08T00:00:00Z","GSM1441298","T CD8+ cells","SRP044685","C57BL/6","SRR1521860_1_trimm_peaks.broadPeak","SRR1521860_1_trimm.bw","H3K4me1_CD8T_1.bw","H3K4me1_CD8T_1.broadPeak"
"74","SRR1521861","ChIP-Seq",60,1062049200,"PRJNA255796","SAMN02929053",478040258,"H3K4me1_CD8T_2","T CD8+ cells","GEO","H3K4me1","public","sra","gs,ncbi,s3","ncbi.public,gs.US,s3.us-east-1","SRX658403","GSM1441298","Illumina HiSeq 1500","SINGLE","ChIP","GENOMIC","Mus musculus","In vivo FACS purified cells","ILLUMINA","2014-08-08T00:00:00Z","GSM1441298","T CD8+ cells","SRP044685","C57BL/6","SRR1521861_1_trimm_peaks.broadPeak","SRR1521861_1_trimm.bw","H3K4me1_CD8T_2.bw","H3K4me1_CD8T_2.broadPeak"
"75","SRR1521862","ChIP-Seq",60,299331120,"PRJNA255796","SAMN02929046",130828021,"H3K4me1_NK_1","NK Cells","GEO","H3K4me1","public","sra","s3,ncbi,gs","ncbi.public,gs.US,s3.us-east-1","SRX658404","GSM1441299","Illumina HiSeq 1500","SINGLE","ChIP","GENOMIC","Mus musculus","In vivo FACS purified cells","ILLUMINA","2014-08-08T00:00:00Z","GSM1441299","NK Cells","SRP044685","C57BL/6","SRR1521862_1_trimm_peaks.broadPeak","SRR1521862_1_trimm.bw","H3K4me1_NK_1.bw","H3K4me1_NK_1.broadPeak"
"76","SRR1521863","ChIP-Seq",60,242333760,"PRJNA255796","SAMN02929046",105770210,"H3K4me1_NK_2","NK Cells","GEO","H3K4me1","public","sra","gs,s3,ncbi","ncbi.public,gs.US,s3.us-east-1","SRX658404","GSM1441299","Illumina HiSeq 1500","SINGLE","ChIP","GENOMIC","Mus musculus","In vivo FACS purified cells","ILLUMINA","2014-08-08T00:00:00Z","GSM1441299","NK Cells","SRP044685","C57BL/6","SRR1521863_1_trimm_peaks.broadPeak","SRR1521863_1_trimm.bw","H3K4me1_NK_2.bw","H3K4me1_NK_2.broadPeak"
"77","SRR1521864","ChIP-Seq",60,694991880,"PRJNA255796","SAMN02929046",313254432,"H3K4me1_NK_3","NK Cells","GEO","H3K4me1","public","sra","gs,s3,ncbi","ncbi.public,gs.US,s3.us-east-1","SRX658404","GSM1441299","Illumina HiSeq 1500","SINGLE","ChIP","GENOMIC","Mus musculus","In vivo FACS purified cells","ILLUMINA","2014-08-08T00:00:00Z","GSM1441299","NK Cells","SRP044685","C57BL/6","SRR1521864_1_trimm_peaks.broadPeak","SRR1521864_1_trimm.bw","H3K4me1_NK_3.bw","H3K4me1_NK_3.broadPeak"
"78","SRR1521865","ChIP-Seq",60,849652980,"PRJNA255796","SAMN02929047",367445314,"H3K4me1_CLP_1","Common Lymphoid Progenitor (CLP)","GEO","H3K4me1","public","sra","ncbi,gs,s3","ncbi.public,gs.US,s3.us-east-1","SRX658405","GSM1441300","Illumina HiSeq 1500","SINGLE","ChIP","GENOMIC","Mus musculus","In vivo FACS purified cells","ILLUMINA","2014-08-08T00:00:00Z","GSM1441300","Common Lymphoid Progenitor (CLP)","SRP044685","C57BL/6","SRR1521865_1_trimm_peaks.broadPeak","SRR1521865_1_trimm.bw","H3K4me1_CLP_1.bw","H3K4me1_CLP_1.broadPeak"
"79","SRR1521866","ChIP-Seq",60,789224040,"PRJNA255796","SAMN02929047",340791221,"H3K4me1_CLP_2","Common Lymphoid Progenitor (CLP)","GEO","H3K4me1","public","sra","ncbi,gs,s3","ncbi.public,gs.US,s3.us-east-1","SRX658405","GSM1441300","Illumina HiSeq 1500","SINGLE","ChIP","GENOMIC","Mus musculus","In vivo FACS purified cells","ILLUMINA","2014-08-08T00:00:00Z","GSM1441300","Common Lymphoid Progenitor (CLP)","SRP044685","C57BL/6","SRR1521866_1_trimm_peaks.broadPeak","SRR1521866_1_trimm.bw","H3K4me1_CLP_2.bw","H3K4me1_CLP_2.broadPeak"
"80","SRR1521867","ChIP-Seq",60,794383200,"PRJNA255796","SAMN02929047",361363066,"H3K4me1_CLP_3","Common Lymphoid Progenitor (CLP)","GEO","H3K4me1","public","sra","gs,ncbi,s3","gs.US,s3.us-east-1,ncbi.public","SRX658405","GSM1441300","Illumina HiSeq 1500","SINGLE","ChIP","GENOMIC","Mus musculus","In vivo FACS purified cells","ILLUMINA","2014-08-08T00:00:00Z","GSM1441300","Common Lymphoid Progenitor (CLP)","SRP044685","C57BL/6","SRR1521867_1_trimm_peaks.broadPeak","SRR1521867_1_trimm.bw","H3K4me1_CLP_3.bw","H3K4me1_CLP_3.broadPeak"
"81","SRR1521868","ChIP-Seq",60,777536760,"PRJNA255796","SAMN02929047",354000598,"H3K4me1_CLP_4","Common Lymphoid Progenitor (CLP)","GEO","H3K4me1","public","sra","gs,s3,ncbi","gs.US,s3.us-east-1,ncbi.public","SRX658405","GSM1441300","Illumina HiSeq 1500","SINGLE","ChIP","GENOMIC","Mus musculus","In vivo FACS purified cells","ILLUMINA","2014-08-08T00:00:00Z","GSM1441300","Common Lymphoid Progenitor (CLP)","SRP044685","C57BL/6","SRR1521868_1_trimm_peaks.broadPeak","SRR1521868_1_trimm.bw","H3K4me1_CLP_4.bw","H3K4me1_CLP_4.broadPeak"
"82","SRR1521869","ChIP-Seq",60,1027655460,"PRJNA255796","SAMN02929047",467049421,"H3K4me1_CLP_5","Common Lymphoid Progenitor (CLP)","GEO","H3K4me1","public","sra","gs,ncbi,s3","ncbi.public,gs.US,s3.us-east-1","SRX658405","GSM1441300","Illumina HiSeq 1500","SINGLE","ChIP","GENOMIC","Mus musculus","In vivo FACS purified cells","ILLUMINA","2014-08-08T00:00:00Z","GSM1441300","Common Lymphoid Progenitor (CLP)","SRP044685","C57BL/6","SRR1521869_1_trimm_peaks.broadPeak","SRR1521869_1_trimm.bw","H3K4me1_CLP_5.bw","H3K4me1_CLP_5.broadPeak"
"83","SRR1521870","ChIP-Seq",60,249519600,"PRJNA255796","SAMN02929048",114753042,"H3K4me2_LT_HSC_1","Long Term Hematopoietic Stem Cell (LT-HSC)","GEO","H3K4me2","public","sra","gs,s3,ncbi","ncbi.public,gs.US,s3.us-east-1","SRX658406","GSM1441301","Illumina HiSeq 1500","SINGLE","ChIP","GENOMIC","Mus musculus","In vivo FACS purified cells","ILLUMINA","2014-08-08T00:00:00Z","GSM1441301","Long Term Hematopoietic Stem Cell (LT-HSC)","SRP044685","C57BL/6","SRR1521870_1_trimm_peaks.broadPeak","SRR1521870_1_trimm.bw","H3K4me2_LT_HSC_1.bw","H3K4me2_LT_HSC_1.broadPeak"
"84","SRR1521871","ChIP-Seq",60,304153500,"PRJNA255796","SAMN02929048",139208162,"H3K4me2_LT_HSC_2","Long Term Hematopoietic Stem Cell (LT-HSC)","GEO","H3K4me2","public","sra","gs,ncbi,s3","ncbi.public,gs.US,s3.us-east-1","SRX658406","GSM1441301","Illumina HiSeq 1500","SINGLE","ChIP","GENOMIC","Mus musculus","In vivo FACS purified cells","ILLUMINA","2014-08-08T00:00:00Z","GSM1441301","Long Term Hematopoietic Stem Cell (LT-HSC)","SRP044685","C57BL/6","SRR1521871_1_trimm_peaks.broadPeak","SRR1521871_1_trimm.bw","H3K4me2_LT_HSC_2.bw","H3K4me2_LT_HSC_2.broadPeak"
"85","SRR1521872","ChIP-Seq",60,818417880,"PRJNA255796","SAMN02929049",359149982,"H3K4me2_ST_HSC_1","Short Term Hematopoietic Stem Cell (ST-HSC)","GEO","H3K4me2","public","sra","gs,s3,ncbi","ncbi.public,gs.US,s3.us-east-1","SRX658407","GSM1441302","Illumina HiSeq 1500","SINGLE","ChIP","GENOMIC","Mus musculus","In vivo FACS purified cells","ILLUMINA","2014-08-08T00:00:00Z","GSM1441302","Short Term Hematopoietic Stem Cell (ST-HSC)","SRP044685","C57BL/6","SRR1521872_1_trimm_peaks.broadPeak","SRR1521872_1_trimm.bw","H3K4me2_ST_HSC_1.bw","H3K4me2_ST_HSC_1.broadPeak"
"86","SRR1521873","ChIP-Seq",60,855677340,"PRJNA255796","SAMN02929049",390193331,"H3K4me2_ST_HSC_2","Short Term Hematopoietic Stem Cell (ST-HSC)","GEO","H3K4me2","public","sra","gs,ncbi,s3","gs.US,s3.us-east-1,ncbi.public","SRX658407","GSM1441302","Illumina HiSeq 1500","SINGLE","ChIP","GENOMIC","Mus musculus","In vivo FACS purified cells","ILLUMINA","2014-08-08T00:00:00Z","GSM1441302","Short Term Hematopoietic Stem Cell (ST-HSC)","SRP044685","C57BL/6","SRR1521873_1_trimm_peaks.broadPeak","SRR1521873_1_trimm.bw","H3K4me2_ST_HSC_2.bw","H3K4me2_ST_HSC_2.broadPeak"
"87","SRR1521874","ChIP-Seq",60,692583600,"PRJNA255796","SAMN02929049",316200826,"H3K4me2_ST_HSC_3","Short Term Hematopoietic Stem Cell (ST-HSC)","GEO","H3K4me2","public","sra","ncbi,gs,s3","ncbi.public,gs.US,s3.us-east-1","SRX658407","GSM1441302","Illumina HiSeq 1500","SINGLE","ChIP","GENOMIC","Mus musculus","In vivo FACS purified cells","ILLUMINA","2014-08-08T00:00:00Z","GSM1441302","Short Term Hematopoietic Stem Cell (ST-HSC)","SRP044685","C57BL/6","SRR1521874_1_trimm_peaks.broadPeak","SRR1521874_1_trimm.bw","H3K4me2_ST_HSC_3.bw","H3K4me2_ST_HSC_3.broadPeak"
"88","SRR1521875","ChIP-Seq",60,867579120,"PRJNA255796","SAMN02929050",395401344,"H3K4me2_MPP_1","Multipotent Progenitor (MPP)","GEO","H3K4me2","public","sra","gs,s3,ncbi","gs.US,ncbi.public,s3.us-east-1","SRX658408","GSM1441303","Illumina HiSeq 1500","SINGLE","ChIP","GENOMIC","Mus musculus","In vivo FACS purified cells","ILLUMINA","2014-08-08T00:00:00Z","GSM1441303","Multipotent Progenitor (MPP)","SRP044685","C57BL/6","SRR1521875_1_trimm_peaks.broadPeak","SRR1521875_1_trimm.bw","H3K4me2_MPP_1.bw","H3K4me2_MPP_1.broadPeak"
"89","SRR1521876","ChIP-Seq",60,773243880,"PRJNA255796","SAMN02929050",352999931,"H3K4me2_MPP_2","Multipotent Progenitor (MPP)","GEO","H3K4me2","public","sra","s3,ncbi,gs","ncbi.public,gs.US,s3.us-east-1","SRX658408","GSM1441303","Illumina HiSeq 1500","SINGLE","ChIP","GENOMIC","Mus musculus","In vivo FACS purified cells","ILLUMINA","2014-08-08T00:00:00Z","GSM1441303","Multipotent Progenitor (MPP)","SRP044685","C57BL/6","SRR1521876_1_trimm_peaks.broadPeak","SRR1521876_1_trimm.bw","H3K4me2_MPP_2.bw","H3K4me2_MPP_2.broadPeak"
"90","SRR1521877","ChIP-Seq",60,564244860,"PRJNA255796","SAMN02929050",248141529,"H3K4me2_MPP_3","Multipotent Progenitor (MPP)","GEO","H3K4me2","public","sra","gs,s3,ncbi","ncbi.public,gs.US,s3.us-east-1","SRX658408","GSM1441303","Illumina HiSeq 1500","SINGLE","ChIP","GENOMIC","Mus musculus","In vivo FACS purified cells","ILLUMINA","2014-08-08T00:00:00Z","GSM1441303","Multipotent Progenitor (MPP)","SRP044685","C57BL/6","SRR1521877_1_trimm_peaks.broadPeak","SRR1521877_1_trimm.bw","H3K4me2_MPP_3.bw","H3K4me2_MPP_3.broadPeak"
"91","SRR1521878","ChIP-Seq",60,700249260,"PRJNA255796","SAMN02929051",309297658,"H3K4me2_CMP_1","Common Myeloid Progenitor (CMP)","GEO","H3K4me2","public","sra","ncbi,gs,s3","ncbi.public,gs.US,s3.us-east-1","SRX658409","GSM1441304","Illumina HiSeq 1500","SINGLE","ChIP","GENOMIC","Mus musculus","In vivo FACS purified cells","ILLUMINA","2014-08-08T00:00:00Z","GSM1441304","Common Myeloid Progenitor (CMP)","SRP044685","C57BL/6","SRR1521878_1_trimm_peaks.broadPeak","SRR1521878_1_trimm.bw","H3K4me2_CMP_1.bw","H3K4me2_CMP_1.broadPeak"
"92","SRR1521879","ChIP-Seq",60,711096720,"PRJNA255796","SAMN02929051",313970296,"H3K4me2_CMP_2","Common Myeloid Progenitor (CMP)","GEO","H3K4me2","public","sra","gs,ncbi,s3","ncbi.public,s3.us-east-1,gs.US","SRX658409","GSM1441304","Illumina HiSeq 1500","SINGLE","ChIP","GENOMIC","Mus musculus","In vivo FACS purified cells","ILLUMINA","2014-08-08T00:00:00Z","GSM1441304","Common Myeloid Progenitor (CMP)","SRP044685","C57BL/6","SRR1521879_1_trimm_peaks.broadPeak","SRR1521879_1_trimm.bw","H3K4me2_CMP_2.bw","H3K4me2_CMP_2.broadPeak"
"93","SRR1521880","ChIP-Seq",60,682744560,"PRJNA255796","SAMN02929051",301360423,"H3K4me2_CMP_3","Common Myeloid Progenitor (CMP)","GEO","H3K4me2","public","sra","gs,s3,ncbi","gs.US,s3.us-east-1,ncbi.public","SRX658409","GSM1441304","Illumina HiSeq 1500","SINGLE","ChIP","GENOMIC","Mus musculus","In vivo FACS purified cells","ILLUMINA","2014-08-08T00:00:00Z","GSM1441304","Common Myeloid Progenitor (CMP)","SRP044685","C57BL/6","SRR1521880_1_trimm_peaks.broadPeak","SRR1521880_1_trimm.bw","H3K4me2_CMP_3.bw","H3K4me2_CMP_3.broadPeak"
"94","SRR1521881","ChIP-Seq",60,835685220,"PRJNA255796","SAMN02929054",368328679,"H3K4me2_GMP_1","Granulocyte Monocyte Progenitor (GMP)","GEO","H3K4me2","public","sra","gs,ncbi,s3","ncbi.public,gs.US,s3.us-east-1","SRX658410","GSM1441305","Illumina HiSeq 1500","SINGLE","ChIP","GENOMIC","Mus musculus","In vivo FACS purified cells","ILLUMINA","2014-08-08T00:00:00Z","GSM1441305","Granulocyte Monocyte Progenitor (GMP)","SRP044685","C57BL/6","SRR1521881_1_trimm_peaks.broadPeak","SRR1521881_1_trimm.bw","H3K4me2_GMP_1.bw","H3K4me2_GMP_1.broadPeak"
"95","SRR1521882","ChIP-Seq",60,1011351240,"PRJNA255796","SAMN02929054",445342615,"H3K4me2_GMP_2","Granulocyte Monocyte Progenitor (GMP)","GEO","H3K4me2","public","sra","gs,ncbi,s3","ncbi.public,gs.US,s3.us-east-1","SRX658410","GSM1441305","Illumina HiSeq 1500","SINGLE","ChIP","GENOMIC","Mus musculus","In vivo FACS purified cells","ILLUMINA","2014-08-08T00:00:00Z","GSM1441305","Granulocyte Monocyte Progenitor (GMP)","SRP044685","C57BL/6","SRR1521882_1_trimm_peaks.broadPeak","SRR1521882_1_trimm.bw","H3K4me2_GMP_2.bw","H3K4me2_GMP_2.broadPeak"
"96","SRR1521883","ChIP-Seq",60,930485040,"PRJNA255796","SAMN02929054",407125274,"H3K4me2_GMP_3","Granulocyte Monocyte Progenitor (GMP)","GEO","H3K4me2","public","sra","gs,s3,ncbi","ncbi.public,gs.US,s3.us-east-1","SRX658410","GSM1441305","Illumina HiSeq 1500","SINGLE","ChIP","GENOMIC","Mus musculus","In vivo FACS purified cells","ILLUMINA","2014-08-08T00:00:00Z","GSM1441305","Granulocyte Monocyte Progenitor (GMP)","SRP044685","C57BL/6","SRR1521883_1_trimm_peaks.broadPeak","SRR1521883_1_trimm.bw","H3K4me2_GMP_3.bw","H3K4me2_GMP_3.broadPeak"
"97","SRR1521884","ChIP-Seq",60,1253984760,"PRJNA255796","SAMN02929055",550911655,"H3K4me2_MEP_1","Megakaryocitic erythroyd progenitor (MEP)","GEO","H3K4me2","public","sra","gs,s3,ncbi","ncbi.public,gs.US,s3.us-east-1","SRX658411","GSM1441306","Illumina HiSeq 1500","SINGLE","ChIP","GENOMIC","Mus musculus","In vivo FACS purified cells","ILLUMINA","2014-08-08T00:00:00Z","GSM1441306","Megakaryocitic erythroyd progenitor (MEP)","SRP044685","C57BL/6","SRR1521884_1_trimm_peaks.broadPeak","SRR1521884_1_trimm.bw","H3K4me2_MEP_1.bw","H3K4me2_MEP_1.broadPeak"
"98","SRR1521885","ChIP-Seq",60,980788680,"PRJNA255796","SAMN02929055",431059694,"H3K4me2_MEP_2","Megakaryocitic erythroyd progenitor (MEP)","GEO","H3K4me2","public","sra","gs,s3,ncbi","ncbi.public,s3.us-east-1,gs.US","SRX658411","GSM1441306","Illumina HiSeq 1500","SINGLE","ChIP","GENOMIC","Mus musculus","In vivo FACS purified cells","ILLUMINA","2014-08-08T00:00:00Z","GSM1441306","Megakaryocitic erythroyd progenitor (MEP)","SRP044685","C57BL/6","SRR1521885_1_trimm_peaks.broadPeak","SRR1521885_1_trimm.bw","H3K4me2_MEP_2.bw","H3K4me2_MEP_2.broadPeak"
"99","SRR1521886","ChIP-Seq",60,546962460,"PRJNA255796","SAMN02929056",240723391,"H3K4me2_EryA_1","Erythrocytes A (Ery A)","GEO","H3K4me2","public","sra","gs,s3,ncbi","gs.US,s3.us-east-1,ncbi.public","SRX658412","GSM1441307","Illumina HiSeq 1500","SINGLE","ChIP","GENOMIC","Mus musculus","In vivo FACS purified cells","ILLUMINA","2014-08-08T00:00:00Z","GSM1441307","Erythrocytes A (Ery A)","SRP044685","C57BL/6","SRR1521886_1_trimm_peaks.broadPeak","SRR1521886_1_trimm.bw","H3K4me2_EryA_1.bw","H3K4me2_EryA_1.broadPeak"
"100","SRR1521887","ChIP-Seq",60,464071980,"PRJNA255796","SAMN02929057",203623063,"H3K4me2_EryB_1","Erythrocytes B (Ery B)","GEO","H3K4me2","public","sra","gs,s3,ncbi","gs.US,s3.us-east-1,ncbi.public","SRX658413","GSM1441308","Illumina HiSeq 1500","SINGLE","ChIP","GENOMIC","Mus musculus","In vivo FACS purified cells","ILLUMINA","2014-08-08T00:00:00Z","GSM1441308","Erythrocytes B (Ery B)","SRP044685","C57BL/6","SRR1521887_1_trimm_peaks.broadPeak","SRR1521887_1_trimm.bw","H3K4me2_EryB_1.bw","H3K4me2_EryB_1.broadPeak"
"101","SRR1521888","ChIP-Seq",60,771416520,"PRJNA255796","SAMN02929058",338402069,"H3K4me2_Granulocytes_1","Granulocytes","GEO","H3K4me2","public","sra","gs,ncbi,s3","ncbi.public,gs.US,s3.us-east-1","SRX658414","GSM1441309","Illumina HiSeq 1500","SINGLE","ChIP","GENOMIC","Mus musculus","In vivo FACS purified cells","ILLUMINA","2014-08-08T00:00:00Z","GSM1441309","Granulocytes","SRP044685","C57BL/6","SRR1521888_1_trimm_peaks.broadPeak","SRR1521888_1_trimm.bw","H3K4me2_Granulocytes_1.bw","H3K4me2_Granulocytes_1.broadPeak"
"102","SRR1521889","ChIP-Seq",60,687027420,"PRJNA255796","SAMN02929058",300341875,"H3K4me2_Granulocytes_2","Granulocytes","GEO","H3K4me2","public","sra","gs,s3,ncbi","ncbi.public,gs.US,s3.us-east-1","SRX658414","GSM1441309","Illumina HiSeq 1500","SINGLE","ChIP","GENOMIC","Mus musculus","In vivo FACS purified cells","ILLUMINA","2014-08-08T00:00:00Z","GSM1441309","Granulocytes","SRP044685","C57BL/6","SRR1521889_1_trimm_peaks.broadPeak","SRR1521889_1_trimm.bw","H3K4me2_Granulocytes_2.bw","H3K4me2_Granulocytes_2.broadPeak"
"103","SRR1521890","ChIP-Seq",60,490361100,"PRJNA255796","SAMN02929059",222028799,"H3K4me2_Monocytes_1","Monocytes","GEO","H3K4me2","public","sra","gs,s3,ncbi","gs.US,s3.us-east-1,ncbi.public","SRX658415","GSM1441310","Illumina HiSeq 1500","SINGLE","ChIP","GENOMIC","Mus musculus","In vivo FACS purified cells","ILLUMINA","2014-08-08T00:00:00Z","GSM1441310","Monocytes","SRP044685","C57BL/6","SRR1521890_1_trimm_peaks.broadPeak","SRR1521890_1_trimm.bw","H3K4me2_Monocytes_1.bw","H3K4me2_Monocytes_1.broadPeak"
"104","SRR1521891","ChIP-Seq",60,837675600,"PRJNA255796","SAMN02929059",381804413,"H3K4me2_Monocytes_2","Monocytes","GEO","H3K4me2","public","sra","gs,s3,ncbi","ncbi.public,gs.US,s3.us-east-1","SRX658415","GSM1441310","Illumina HiSeq 1500","SINGLE","ChIP","GENOMIC","Mus musculus","In vivo FACS purified cells","ILLUMINA","2014-08-08T00:00:00Z","GSM1441310","Monocytes","SRP044685","C57BL/6","SRR1521891_1_trimm_peaks.broadPeak","SRR1521891_1_trimm.bw","H3K4me2_Monocytes_2.bw","H3K4me2_Monocytes_2.broadPeak"
"105","SRR1521892","ChIP-Seq",60,572195040,"PRJNA255796","SAMN02929059",260705428,"H3K4me2_Monocytes_3","Monocytes","GEO","H3K4me2","public","sra","gs,s3,ncbi","gs.US,s3.us-east-1,ncbi.public","SRX658415","GSM1441310","Illumina HiSeq 1500","SINGLE","ChIP","GENOMIC","Mus musculus","In vivo FACS purified cells","ILLUMINA","2014-08-08T00:00:00Z","GSM1441310","Monocytes","SRP044685","C57BL/6","SRR1521892_1_trimm_peaks.broadPeak","SRR1521892_1_trimm.bw","H3K4me2_Monocytes_3.bw","H3K4me2_Monocytes_3.broadPeak"
"106","SRR1521893","ChIP-Seq",60,1759279560,"PRJNA255796","SAMN02929060",765548155,"H3K4me2_Macrophage_1","Bone Marrow Macrophages","GEO","H3K4me2","public","sra","ncbi,gs,s3","ncbi.public,gs.US,s3.us-east-1","SRX658416","GSM1441311","Illumina HiSeq 1500","SINGLE","ChIP","GENOMIC","Mus musculus","In vivo FACS purified cells","ILLUMINA","2014-08-08T00:00:00Z","GSM1441311","Bone Marrow Macrophages","SRP044685","C57BL/6","SRR1521893_1_trimm_peaks.broadPeak","SRR1521893_1_trimm.bw","H3K4me2_Macrophage_1.bw","H3K4me2_Macrophage_1.broadPeak"
"107","SRR1521894","ChIP-Seq",60,1023485100,"PRJNA255796","SAMN02929060",465801711,"H3K4me2_Macrophage_2","Bone Marrow Macrophages","GEO","H3K4me2","public","sra","ncbi,s3,gs","ncbi.public,gs.US,s3.us-east-1","SRX658416","GSM1441311","Illumina HiSeq 1500","SINGLE","ChIP","GENOMIC","Mus musculus","In vivo FACS purified cells","ILLUMINA","2014-08-08T00:00:00Z","GSM1441311","Bone Marrow Macrophages","SRP044685","C57BL/6","SRR1521894_1_trimm_peaks.broadPeak","SRR1521894_1_trimm.bw","H3K4me2_Macrophage_2.bw","H3K4me2_Macrophage_2.broadPeak"
"108","SRR1521895","ChIP-Seq",60,871111740,"PRJNA255796","SAMN02929060",397982535,"H3K4me2_Macrophage_3","Bone Marrow Macrophages","GEO","H3K4me2","public","sra","ncbi,gs,s3","ncbi.public,s3.us-east-1,gs.US","SRX658416","GSM1441311","Illumina HiSeq 1500","SINGLE","ChIP","GENOMIC","Mus musculus","In vivo FACS purified cells","ILLUMINA","2014-08-08T00:00:00Z","GSM1441311","Bone Marrow Macrophages","SRP044685","C57BL/6","SRR1521895_1_trimm_peaks.broadPeak","SRR1521895_1_trimm.bw","H3K4me2_Macrophage_3.bw","H3K4me2_Macrophage_3.broadPeak"
"109","SRR1521896","ChIP-Seq",60,763815540,"PRJNA255796","SAMN02929061",333521556,"H3K4me2_B_cell_1","B cells","GEO","H3K4me2","public","sra","gs,s3,ncbi","gs.US,s3.us-east-1,ncbi.public","SRX658417","GSM1441312","Illumina HiSeq 1500","SINGLE","ChIP","GENOMIC","Mus musculus","In vivo FACS purified cells","ILLUMINA","2014-08-08T00:00:00Z","GSM1441312","B cells","SRP044685","C57BL/6","SRR1521896_1_trimm_peaks.broadPeak","SRR1521896_1_trimm.bw","H3K4me2_B_cell_1.bw","H3K4me2_B_cell_1.broadPeak"
"110","SRR1521897","ChIP-Seq",60,754301340,"PRJNA255796","SAMN02929061",328742443,"H3K4me2_B_cell_2","B cells","GEO","H3K4me2","public","sra","gs,s3,ncbi","ncbi.public,gs.US,s3.us-east-1","SRX658417","GSM1441312","Illumina HiSeq 1500","SINGLE","ChIP","GENOMIC","Mus musculus","In vivo FACS purified cells","ILLUMINA","2014-08-08T00:00:00Z","GSM1441312","B cells","SRP044685","C57BL/6","SRR1521897_1_trimm_peaks.broadPeak","SRR1521897_1_trimm.bw","H3K4me2_B_cell_2.bw","H3K4me2_B_cell_2.broadPeak"
"111","SRR1521898","ChIP-Seq",60,310004760,"PRJNA255796","SAMN02929062",136627200,"H3K4me2_NK_1","NK Cells","GEO","H3K4me2","public","sra","ncbi,gs,s3","ncbi.public,gs.US,s3.us-east-1","SRX658418","GSM1441313","Illumina HiSeq 1500","SINGLE","ChIP","GENOMIC","Mus musculus","In vivo FACS purified cells","ILLUMINA","2014-08-08T00:00:00Z","GSM1441313","NK Cells","SRP044685","C57BL/6","SRR1521898_1_trimm_peaks.broadPeak","SRR1521898_1_trimm.bw","H3K4me2_NK_1.bw","H3K4me2_NK_1.broadPeak"
"112","SRR1521899","ChIP-Seq",60,265599780,"PRJNA255796","SAMN02929062",117430993,"H3K4me2_NK_2","NK Cells","GEO","H3K4me2","public","sra","gs,ncbi,s3","ncbi.public,gs.US,s3.us-east-1","SRX658418","GSM1441313","Illumina HiSeq 1500","SINGLE","ChIP","GENOMIC","Mus musculus","In vivo FACS purified cells","ILLUMINA","2014-08-08T00:00:00Z","GSM1441313","NK Cells","SRP044685","C57BL/6","SRR1521899_1_trimm_peaks.broadPeak","SRR1521899_1_trimm.bw","H3K4me2_NK_2.bw","H3K4me2_NK_2.broadPeak"
"113","SRR1521900","ChIP-Seq",60,471332460,"PRJNA255796","SAMN02929063",216028831,"H3K4me2_CLP_1","Common Lymphoid Progenitor (CLP)","GEO","H3K4me2","public","sra","gs,s3,ncbi","ncbi.public,gs.US,s3.us-east-1","SRX658419","GSM1441314","Illumina HiSeq 1500","SINGLE","ChIP","GENOMIC","Mus musculus","In vivo FACS purified cells","ILLUMINA","2014-08-08T00:00:00Z","GSM1441314","Common Lymphoid Progenitor (CLP)","SRP044685","C57BL/6","SRR1521900_1_trimm_peaks.broadPeak","SRR1521900_1_trimm.bw","H3K4me2_CLP_1.bw","H3K4me2_CLP_1.broadPeak"
"114","SRR1521901","ChIP-Seq",60,558985440,"PRJNA255796","SAMN02929063",255538493,"H3K4me2_CLP_2","Common Lymphoid Progenitor (CLP)","GEO","H3K4me2","public","sra","gs,s3,ncbi","ncbi.public,gs.US,s3.us-east-1","SRX658419","GSM1441314","Illumina HiSeq 1500","SINGLE","ChIP","GENOMIC","Mus musculus","In vivo FACS purified cells","ILLUMINA","2014-08-08T00:00:00Z","GSM1441314","Common Lymphoid Progenitor (CLP)","SRP044685","C57BL/6","SRR1521901_1_trimm_peaks.broadPeak","SRR1521901_1_trimm.bw","H3K4me2_CLP_2.bw","H3K4me2_CLP_2.broadPeak"
"115","SRR1521902","ChIP-Seq",60,532261560,"PRJNA255796","SAMN02929063",243359381,"H3K4me2_CLP_3","Common Lymphoid Progenitor (CLP)","GEO","H3K4me2","public","sra","ncbi,gs,s3","gs.US,s3.us-east-1,ncbi.public","SRX658419","GSM1441314","Illumina HiSeq 1500","SINGLE","ChIP","GENOMIC","Mus musculus","In vivo FACS purified cells","ILLUMINA","2014-08-08T00:00:00Z","GSM1441314","Common Lymphoid Progenitor (CLP)","SRP044685","C57BL/6","SRR1521902_1_trimm_peaks.broadPeak","SRR1521902_1_trimm.bw","H3K4me2_CLP_3.bw","H3K4me2_CLP_3.broadPeak"
"116","SRR1521903","ChIP-Seq",60,546853140,"PRJNA255796","SAMN02929063",489827974,"H3K4me2_CLP_4","Common Lymphoid Progenitor (CLP)","GEO","H3K4me2","public","sra","gs,s3,ncbi","ncbi.public,gs.US,s3.us-east-1","SRX658419","GSM1441314","Illumina HiSeq 1500","SINGLE","ChIP","GENOMIC","Mus musculus","In vivo FACS purified cells","ILLUMINA","2014-08-08T00:00:00Z","GSM1441314","Common Lymphoid Progenitor (CLP)","SRP044685","C57BL/6","SRR1521903_1_trimm_peaks.broadPeak","SRR1521903_1_trimm.bw","H3K4me2_CLP_4.bw","H3K4me2_CLP_4.broadPeak"
"117","SRR1521904","ChIP-Seq",60,301548060,"PRJNA255796","SAMN02929064",269730642,"H3K4me2_CD4T_1","T CD4+ cells","GEO","H3K4me2","public","sra","gs,ncbi,s3","ncbi.public,gs.US,s3.us-east-1","SRX658420","GSM1441315","Illumina HiSeq 1500","SINGLE","ChIP","GENOMIC","Mus musculus","In vivo FACS purified cells","ILLUMINA","2014-08-08T00:00:00Z","GSM1441315","T CD4+ cells","SRP044685","C57BL/6","SRR1521904_1_trimm_peaks.broadPeak","SRR1521904_1_trimm.bw","H3K4me2_CD4T_1.bw","H3K4me2_CD4T_1.broadPeak"
"118","SRR1521905","ChIP-Seq",60,287613900,"PRJNA255796","SAMN02929064",258182928,"H3K4me2_CD4T_2","T CD4+ cells","GEO","H3K4me2","public","sra","gs,ncbi,s3","ncbi.public,gs.US,s3.us-east-1","SRX658420","GSM1441315","Illumina HiSeq 1500","SINGLE","ChIP","GENOMIC","Mus musculus","In vivo FACS purified cells","ILLUMINA","2014-08-08T00:00:00Z","GSM1441315","T CD4+ cells","SRP044685","C57BL/6","SRR1521905_1_trimm_peaks.broadPeak","SRR1521905_1_trimm.bw","H3K4me2_CD4T_2.bw","H3K4me2_CD4T_2.broadPeak"
"119","SRR1521906","ChIP-Seq",60,314068200,"PRJNA255796","SAMN02929064",280501028,"H3K4me2_CD4T_3","T CD4+ cells","GEO","H3K4me2","public","sra","gs,ncbi,s3","gs.US,s3.us-east-1,ncbi.public","SRX658420","GSM1441315","Illumina HiSeq 1500","SINGLE","ChIP","GENOMIC","Mus musculus","In vivo FACS purified cells","ILLUMINA","2014-08-08T00:00:00Z","GSM1441315","T CD4+ cells","SRP044685","C57BL/6","SRR1521906_1_trimm_peaks.broadPeak","SRR1521906_1_trimm.bw","H3K4me2_CD4T_3.bw","H3K4me2_CD4T_3.broadPeak"
"120","SRR1521907","ChIP-Seq",60,291080880,"PRJNA255796","SAMN02929065",261709417,"H3K4me2_CD8T_1","T CD8+ cells","GEO","H3K4me2","public","sra","gs,ncbi,s3","ncbi.public,gs.US,s3.us-east-1","SRX658421","GSM1441316","Illumina HiSeq 1500","SINGLE","ChIP","GENOMIC","Mus musculus","In vivo FACS purified cells","ILLUMINA","2014-08-08T00:00:00Z","GSM1441316","T CD8+ cells","SRP044685","C57BL/6","SRR1521907_1_trimm_peaks.broadPeak","SRR1521907_1_trimm.bw","H3K4me2_CD8T_1.bw","H3K4me2_CD8T_1.broadPeak"
"121","SRR1521908","ChIP-Seq",60,319724280,"PRJNA255796","SAMN02929065",286868311,"H3K4me2_CD8T_2","T CD8+ cells","GEO","H3K4me2","public","sra","gs,s3,ncbi","ncbi.public,gs.US,s3.us-east-1","SRX658421","GSM1441316","Illumina HiSeq 1500","SINGLE","ChIP","GENOMIC","Mus musculus","In vivo FACS purified cells","ILLUMINA","2014-08-08T00:00:00Z","GSM1441316","T CD8+ cells","SRP044685","C57BL/6","SRR1521908_1_trimm_peaks.broadPeak","SRR1521908_1_trimm.bw","H3K4me2_CD8T_2.bw","H3K4me2_CD8T_2.broadPeak"
"122","SRR1521909","ChIP-Seq",60,288886620,"PRJNA255796","SAMN02929065",257604618,"H3K4me2_CD8T_3","T CD8+ cells","GEO","H3K4me2","public","sra","ncbi,gs,s3","ncbi.public,gs.US,s3.us-east-1","SRX658421","GSM1441316","Illumina HiSeq 1500","SINGLE","ChIP","GENOMIC","Mus musculus","In vivo FACS purified cells","ILLUMINA","2014-08-08T00:00:00Z","GSM1441316","T CD8+ cells","SRP044685","C57BL/6","SRR1521909_1_trimm_peaks.broadPeak","SRR1521909_1_trimm.bw","H3K4me2_CD8T_3.bw","H3K4me2_CD8T_3.broadPeak"
"123","SRR1521910","ChIP-Seq",60,200564760,"PRJNA255796","SAMN02929066",92140590,"H3K4me3_LT_HSC_1","Long Term Hematopoietic Stem Cell (LT-HSC)","GEO","H3K4me3","public","sra","gs,s3,ncbi","ncbi.public,gs.US,s3.us-east-1","SRX658422","GSM1441317","Illumina HiSeq 1500","SINGLE","ChIP","GENOMIC","Mus musculus","In vivo FACS purified cells","ILLUMINA","2014-08-08T00:00:00Z","GSM1441317","Long Term Hematopoietic Stem Cell (LT-HSC)","SRP044685","C57BL/6","SRR1521910_1_trimm_peaks.broadPeak","SRR1521910_1_trimm.bw","H3K4me3_LT_HSC_1.bw","H3K4me3_LT_HSC_1.broadPeak"
"124","SRR1521911","ChIP-Seq",60,335638740,"PRJNA255796","SAMN02929067",158343044,"H3K4me3_ST_HSC_1","Short Term Hematopoietic Stem Cell (ST-HSC)","GEO","H3K4me3","public","sra","gs,ncbi,s3","ncbi.public,gs.US,s3.us-east-1","SRX658423","GSM1441318","Illumina HiSeq 1500","SINGLE","ChIP","GENOMIC","Mus musculus","In vivo FACS purified cells","ILLUMINA","2014-08-08T00:00:00Z","GSM1441318","Short Term Hematopoietic Stem Cell (ST-HSC)","SRP044685","C57BL/6","SRR1521911_1_trimm_peaks.broadPeak","SRR1521911_1_trimm.bw","H3K4me3_ST_HSC_1.bw","H3K4me3_ST_HSC_1.broadPeak"
"125","SRR1521912","ChIP-Seq",60,591510780,"PRJNA255796","SAMN02929067",271591571,"H3K4me3_ST_HSC_2","Short Term Hematopoietic Stem Cell (ST-HSC)","GEO","H3K4me3","public","sra","gs,ncbi,s3","ncbi.public,gs.US,s3.us-east-1","SRX658423","GSM1441318","Illumina HiSeq 1500","SINGLE","ChIP","GENOMIC","Mus musculus","In vivo FACS purified cells","ILLUMINA","2014-08-08T00:00:00Z","GSM1441318","Short Term Hematopoietic Stem Cell (ST-HSC)","SRP044685","C57BL/6","SRR1521912_1_trimm_peaks.broadPeak","SRR1521912_1_trimm.bw","H3K4me3_ST_HSC_2.bw","H3K4me3_ST_HSC_2.broadPeak"
"126","SRR1521913","ChIP-Seq",60,239483460,"PRJNA255796","SAMN02929068",113288327,"H3K4me3_MPP_1","Multipotent Progenitor (MPP)","GEO","H3K4me3","public","sra","gs,ncbi,s3","gs.US,s3.us-east-1,ncbi.public","SRX658424","GSM1441319","Illumina HiSeq 1500","SINGLE","ChIP","GENOMIC","Mus musculus","In vivo FACS purified cells","ILLUMINA","2014-08-08T00:00:00Z","GSM1441319","Multipotent Progenitor (MPP)","SRP044685","C57BL/6","SRR1521913_1_trimm_peaks.broadPeak","SRR1521913_1_trimm.bw","H3K4me3_MPP_1.bw","H3K4me3_MPP_1.broadPeak"
"127","SRR1521914","ChIP-Seq",60,300886260,"PRJNA255796","SAMN02929069",141623804,"H3K4me3_CMP_1","Common Myeloid Progenitor (CMP)","GEO","H3K4me3","public","sra","gs,ncbi,s3","ncbi.public,gs.US,s3.us-east-1","SRX658425","GSM1441320","Illumina HiSeq 1500","SINGLE","ChIP","GENOMIC","Mus musculus","In vivo FACS purified cells","ILLUMINA","2014-08-08T00:00:00Z","GSM1441320","Common Myeloid Progenitor (CMP)","SRP044685","C57BL/6","SRR1521914_1_trimm_peaks.broadPeak","SRR1521914_1_trimm.bw","H3K4me3_CMP_1.bw","H3K4me3_CMP_1.broadPeak"
"128","SRR1521915","ChIP-Seq",60,299559360,"PRJNA255796","SAMN02929069",140862204,"H3K4me3_CMP_2","Common Myeloid Progenitor (CMP)","GEO","H3K4me3","public","sra","gs,s3,ncbi","ncbi.public,gs.US,s3.us-east-1","SRX658425","GSM1441320","Illumina HiSeq 1500","SINGLE","ChIP","GENOMIC","Mus musculus","In vivo FACS purified cells","ILLUMINA","2014-08-08T00:00:00Z","GSM1441320","Common Myeloid Progenitor (CMP)","SRP044685","C57BL/6","SRR1521915_1_trimm_peaks.broadPeak","SRR1521915_1_trimm.bw","H3K4me3_CMP_2.bw","H3K4me3_CMP_2.broadPeak"
"129","SRR1521916","ChIP-Seq",60,283417440,"PRJNA255796","SAMN02929069",133253086,"H3K4me3_CMP_3","Common Myeloid Progenitor (CMP)","GEO","H3K4me3","public","sra","ncbi,gs,s3","ncbi.public,gs.US,s3.us-east-1","SRX658425","GSM1441320","Illumina HiSeq 1500","SINGLE","ChIP","GENOMIC","Mus musculus","In vivo FACS purified cells","ILLUMINA","2014-08-08T00:00:00Z","GSM1441320","Common Myeloid Progenitor (CMP)","SRP044685","C57BL/6","SRR1521916_1_trimm_peaks.broadPeak","SRR1521916_1_trimm.bw","H3K4me3_CMP_3.bw","H3K4me3_CMP_3.broadPeak"
"130","SRR1521917","ChIP-Seq",60,479111820,"PRJNA255796","SAMN02929069",220250521,"H3K4me3_CMP_4","Common Myeloid Progenitor (CMP)","GEO","H3K4me3","public","sra","gs,s3,ncbi","ncbi.public,gs.US,s3.us-east-1","SRX658425","GSM1441320","Illumina HiSeq 1500","SINGLE","ChIP","GENOMIC","Mus musculus","In vivo FACS purified cells","ILLUMINA","2014-08-08T00:00:00Z","GSM1441320","Common Myeloid Progenitor (CMP)","SRP044685","C57BL/6","SRR1521917_1_trimm_peaks.broadPeak","SRR1521917_1_trimm.bw","H3K4me3_CMP_4.bw","H3K4me3_CMP_4.broadPeak"
"131","SRR1521918","ChIP-Seq",60,355512960,"PRJNA255796","SAMN02929070",166970169,"H3K4me3_GMP_1","Granulocyte Monocyte Progenitor (GMP)","GEO","H3K4me3","public","sra","ncbi,gs,s3","gs.US,s3.us-east-1,ncbi.public","SRX658426","GSM1441321","Illumina HiSeq 1500","SINGLE","ChIP","GENOMIC","Mus musculus","In vivo FACS purified cells","ILLUMINA","2014-08-08T00:00:00Z","GSM1441321","Granulocyte Monocyte Progenitor (GMP)","SRP044685","C57BL/6","SRR1521918_1_trimm_peaks.broadPeak","SRR1521918_1_trimm.bw","H3K4me3_GMP_1.bw","H3K4me3_GMP_1.broadPeak"
"132","SRR1521919","ChIP-Seq",60,429173400,"PRJNA255796","SAMN02929070",201279459,"H3K4me3_GMP_2","Granulocyte Monocyte Progenitor (GMP)","GEO","H3K4me3","public","sra","gs,s3,ncbi","ncbi.public,gs.US,s3.us-east-1","SRX658426","GSM1441321","Illumina HiSeq 1500","SINGLE","ChIP","GENOMIC","Mus musculus","In vivo FACS purified cells","ILLUMINA","2014-08-08T00:00:00Z","GSM1441321","Granulocyte Monocyte Progenitor (GMP)","SRP044685","C57BL/6","SRR1521919_1_trimm_peaks.broadPeak","SRR1521919_1_trimm.bw","H3K4me3_GMP_2.bw","H3K4me3_GMP_2.broadPeak"
"133","SRR1521920","ChIP-Seq",60,346105200,"PRJNA255796","SAMN02929070",162527897,"H3K4me3_GMP_2","Granulocyte Monocyte Progenitor (GMP)","GEO","H3K4me3","public","sra","gs,ncbi,s3","gs.US,s3.us-east-1,ncbi.public","SRX658426","GSM1441321","Illumina HiSeq 1500","SINGLE","ChIP","GENOMIC","Mus musculus","In vivo FACS purified cells","ILLUMINA","2014-08-08T00:00:00Z","GSM1441321","Granulocyte Monocyte Progenitor (GMP)","SRP044685","C57BL/6","SRR1521920_1_trimm_peaks.broadPeak","SRR1521920_1_trimm.bw","H3K4me3_GMP_2.bw","H3K4me3_GMP_2.broadPeak"
"134","SRR1521921","ChIP-Seq",60,561807180,"PRJNA255796","SAMN02929071",262792316,"H3K4me3_MEP_1","Megakaryocitic erythroyd progenitor (MEP)","GEO","H3K4me3","public","sra","gs,s3,ncbi","ncbi.public,gs.US,s3.us-east-1","SRX658427","GSM1441322","Illumina HiSeq 1500","SINGLE","ChIP","GENOMIC","Mus musculus","In vivo FACS purified cells","ILLUMINA","2014-08-08T00:00:00Z","GSM1441322","Megakaryocitic erythroyd progenitor (MEP)","SRP044685","C57BL/6","SRR1521921_1_trimm_peaks.broadPeak","SRR1521921_1_trimm.bw","H3K4me3_MEP_1.bw","H3K4me3_MEP_1.broadPeak"
"135","SRR1521922","ChIP-Seq",60,456639420,"PRJNA255796","SAMN02929071",213923638,"H3K4me3_MEP_2","Megakaryocitic erythroyd progenitor (MEP)","GEO","H3K4me3","public","sra","gs,ncbi,s3","gs.US,ncbi.public,s3.us-east-1","SRX658427","GSM1441322","Illumina HiSeq 1500","SINGLE","ChIP","GENOMIC","Mus musculus","In vivo FACS purified cells","ILLUMINA","2014-08-08T00:00:00Z","GSM1441322","Megakaryocitic erythroyd progenitor (MEP)","SRP044685","C57BL/6","SRR1521922_1_trimm_peaks.broadPeak","SRR1521922_1_trimm.bw","H3K4me3_MEP_2.bw","H3K4me3_MEP_2.broadPeak"
"136","SRR1521923","ChIP-Seq",60,260563080,"PRJNA255796","SAMN02929072",122198508,"H3K4me3_EryA_1","Erythrocytes A (Ery A)","GEO","H3K4me3","public","sra","gs,s3,ncbi","ncbi.public,gs.US,s3.us-east-1","SRX658428","GSM1441323","Illumina HiSeq 1500","SINGLE","ChIP","GENOMIC","Mus musculus","In vivo FACS purified cells","ILLUMINA","2014-08-08T00:00:00Z","GSM1441323","Erythrocytes A (Ery A)","SRP044685","C57BL/6","SRR1521923_1_trimm_peaks.broadPeak","SRR1521923_1_trimm.bw","H3K4me3_EryA_1.bw","H3K4me3_EryA_1.broadPeak"
"137","SRR1521924","ChIP-Seq",60,222719820,"PRJNA255796","SAMN02929073",104938921,"H3K4me3_EryB_1","Erythrocytes B (Ery B)","GEO","H3K4me3","public","sra","gs,ncbi,s3","ncbi.public,gs.US,s3.us-east-1","SRX658429","GSM1441324","Illumina HiSeq 1500","SINGLE","ChIP","GENOMIC","Mus musculus","In vivo FACS purified cells","ILLUMINA","2014-08-08T00:00:00Z","GSM1441324","Erythrocytes B (Ery B)","SRP044685","C57BL/6","SRR1521924_1_trimm_peaks.broadPeak","SRR1521924_1_trimm.bw","H3K4me3_EryB_1.bw","H3K4me3_EryB_1.broadPeak"
"138","SRR1521925","ChIP-Seq",60,408532560,"PRJNA255796","SAMN02929074",192638609,"H3K4me3_Granulocytes_1","Granulocytes","GEO","H3K4me3","public","sra","gs,ncbi,s3","gs.US,s3.us-east-1,ncbi.public","SRX658430","GSM1441325","Illumina HiSeq 1500","SINGLE","ChIP","GENOMIC","Mus musculus","In vivo FACS purified cells","ILLUMINA","2014-08-08T00:00:00Z","GSM1441325","Granulocytes","SRP044685","C57BL/6","SRR1521925_1_trimm_peaks.broadPeak","SRR1521925_1_trimm.bw","H3K4me3_Granulocytes_1.bw","H3K4me3_Granulocytes_1.broadPeak"
"139","SRR1521926","ChIP-Seq",60,372858960,"PRJNA255796","SAMN02929074",175023927,"H3K4me3_Granulocytes_2","Granulocytes","GEO","H3K4me3","public","sra","gs,s3,ncbi","ncbi.public,gs.US,s3.us-east-1","SRX658430","GSM1441325","Illumina HiSeq 1500","SINGLE","ChIP","GENOMIC","Mus musculus","In vivo FACS purified cells","ILLUMINA","2014-08-08T00:00:00Z","GSM1441325","Granulocytes","SRP044685","C57BL/6","SRR1521926_1_trimm_peaks.broadPeak","SRR1521926_1_trimm.bw","H3K4me3_Granulocytes_2.bw","H3K4me3_Granulocytes_2.broadPeak"
"140","SRR1521927","ChIP-Seq",60,406118580,"PRJNA255796","SAMN02929075",186291942,"H3K4me3_Monocytes_1","Monocytes","GEO","H3K4me3","public","sra","gs,ncbi,s3","gs.US,s3.us-east-1,ncbi.public","SRX658431","GSM1441326","Illumina HiSeq 1500","SINGLE","ChIP","GENOMIC","Mus musculus","In vivo FACS purified cells","ILLUMINA","2014-08-08T00:00:00Z","GSM1441326","Monocytes","SRP044685","C57BL/6","SRR1521927_1_trimm_peaks.broadPeak","SRR1521927_1_trimm.bw","H3K4me3_Monocytes_1.bw","H3K4me3_Monocytes_1.broadPeak"
"141","SRR1521928","ChIP-Seq",60,478213380,"PRJNA255796","SAMN02929075",220047572,"H3K4me3_Monocytes_2","Monocytes","GEO","H3K4me3","public","sra","gs,s3,ncbi","ncbi.public,gs.US,s3.us-east-1","SRX658431","GSM1441326","Illumina HiSeq 1500","SINGLE","ChIP","GENOMIC","Mus musculus","In vivo FACS purified cells","ILLUMINA","2014-08-08T00:00:00Z","GSM1441326","Monocytes","SRP044685","C57BL/6","SRR1521928_1_trimm_peaks.broadPeak","SRR1521928_1_trimm.bw","H3K4me3_Monocytes_2.bw","H3K4me3_Monocytes_2.broadPeak"
"142","SRR1521929","ChIP-Seq",60,452628360,"PRJNA255796","SAMN02929075",208081294,"H3K4me3_Monocytes_3","Monocytes","GEO","H3K4me3","public","sra","ncbi,gs,s3","gs.US,s3.us-east-1,ncbi.public","SRX658431","GSM1441326","Illumina HiSeq 1500","SINGLE","ChIP","GENOMIC","Mus musculus","In vivo FACS purified cells","ILLUMINA","2014-08-08T00:00:00Z","GSM1441326","Monocytes","SRP044685","C57BL/6","SRR1521929_1_trimm_peaks.broadPeak","SRR1521929_1_trimm.bw","H3K4me3_Monocytes_3.bw","H3K4me3_Monocytes_3.broadPeak"
"143","SRR1521930","ChIP-Seq",60,512864100,"PRJNA255796","SAMN02929075",235237421,"H3K4me3_Monocytes_4","Monocytes","GEO","H3K4me3","public","sra","gs,s3,ncbi","ncbi.public,gs.US,s3.us-east-1","SRX658431","GSM1441326","Illumina HiSeq 1500","SINGLE","ChIP","GENOMIC","Mus musculus","In vivo FACS purified cells","ILLUMINA","2014-08-08T00:00:00Z","GSM1441326","Monocytes","SRP044685","C57BL/6","SRR1521930_1_trimm_peaks.broadPeak","SRR1521930_1_trimm.bw","H3K4me3_Monocytes_4.bw","H3K4me3_Monocytes_4.broadPeak"
"144","SRR1521931","ChIP-Seq",60,461610180,"PRJNA255796","SAMN02929076",217387842,"H3K4me3_Macrophage_1","Bone Marrow Macrophages","GEO","H3K4me3","public","sra","ncbi,gs,s3","ncbi.public,gs.US,s3.us-east-1","SRX658432","GSM1441327","Illumina HiSeq 1500","SINGLE","ChIP","GENOMIC","Mus musculus","In vivo FACS purified cells","ILLUMINA","2014-08-08T00:00:00Z","GSM1441327","Bone Marrow Macrophages","SRP044685","C57BL/6","SRR1521931_1_trimm_peaks.broadPeak","SRR1521931_1_trimm.bw","H3K4me3_Macrophage_1.bw","H3K4me3_Macrophage_1.broadPeak"
"145","SRR1521932","ChIP-Seq",60,708770700,"PRJNA255796","SAMN02929076",331170439,"H3K4me3_Macrophage_2","Bone Marrow Macrophages","GEO","H3K4me3","public","sra","gs,ncbi,s3","gs.US,s3.us-east-1,ncbi.public","SRX658432","GSM1441327","Illumina HiSeq 1500","SINGLE","ChIP","GENOMIC","Mus musculus","In vivo FACS purified cells","ILLUMINA","2014-08-08T00:00:00Z","GSM1441327","Bone Marrow Macrophages","SRP044685","C57BL/6","SRR1521932_1_trimm_peaks.broadPeak","SRR1521932_1_trimm.bw","H3K4me3_Macrophage_2.bw","H3K4me3_Macrophage_2.broadPeak"
"146","SRR1521933","ChIP-Seq",60,299438520,"PRJNA255796","SAMN02929076",137774333,"H3K4me3_Macrophage_3","Bone Marrow Macrophages","GEO","H3K4me3","public","sra","gs,ncbi,s3","ncbi.public,gs.US,s3.us-east-1","SRX658432","GSM1441327","Illumina HiSeq 1500","SINGLE","ChIP","GENOMIC","Mus musculus","In vivo FACS purified cells","ILLUMINA","2014-08-08T00:00:00Z","GSM1441327","Bone Marrow Macrophages","SRP044685","C57BL/6","SRR1521933_1_trimm_peaks.broadPeak","SRR1521933_1_trimm.bw","H3K4me3_Macrophage_3.bw","H3K4me3_Macrophage_3.broadPeak"
"147","SRR1521934","ChIP-Seq",60,556417020,"PRJNA255796","SAMN02929076",255293391,"H3K4me3_Macrophage_4","Bone Marrow Macrophages","GEO","H3K4me3","public","sra","gs,ncbi,s3","ncbi.public,gs.US,s3.us-east-1","SRX658432","GSM1441327","Illumina HiSeq 1500","SINGLE","ChIP","GENOMIC","Mus musculus","In vivo FACS purified cells","ILLUMINA","2014-08-08T00:00:00Z","GSM1441327","Bone Marrow Macrophages","SRP044685","C57BL/6","SRR1521934_1_trimm_peaks.broadPeak","SRR1521934_1_trimm.bw","H3K4me3_Macrophage_4.bw","H3K4me3_Macrophage_4.broadPeak"
"148","SRR1521935","ChIP-Seq",60,407127660,"PRJNA255796","SAMN02929077",190864812,"H3K4me3_B_cell_1","B cells","GEO","H3K4me3","public","sra","gs,s3,ncbi","gs.US,s3.us-east-1,ncbi.public","SRX658433","GSM1441328","Illumina HiSeq 1500","SINGLE","ChIP","GENOMIC","Mus musculus","In vivo FACS purified cells","ILLUMINA","2014-08-08T00:00:00Z","GSM1441328","B cells","SRP044685","C57BL/6","SRR1521935_1_trimm_peaks.broadPeak","SRR1521935_1_trimm.bw","H3K4me3_B_cell_1.bw","H3K4me3_B_cell_1.broadPeak"
"149","SRR1521936","ChIP-Seq",60,408796980,"PRJNA255796","SAMN02929077",191468418,"H3K4me3_B_cell_2","B cells","GEO","H3K4me3","public","sra","ncbi,gs,s3","gs.US,s3.us-east-1,ncbi.public","SRX658433","GSM1441328","Illumina HiSeq 1500","SINGLE","ChIP","GENOMIC","Mus musculus","In vivo FACS purified cells","ILLUMINA","2014-08-08T00:00:00Z","GSM1441328","B cells","SRP044685","C57BL/6","SRR1521936_1_trimm_peaks.broadPeak","SRR1521936_1_trimm.bw","H3K4me3_B_cell_2.bw","H3K4me3_B_cell_2.broadPeak"
"150","SRR1521937","ChIP-Seq",60,790587000,"PRJNA255796","SAMN02929014",363096898,"H3K4me3_CD4T_1","T CD4+ cells","GEO","H3K4me3","public","sra","gs,s3,ncbi","ncbi.public,gs.US,s3.us-east-1","SRX658434","GSM1441329","Illumina HiSeq 1500","SINGLE","ChIP","GENOMIC","Mus musculus","In vivo FACS purified cells","ILLUMINA","2014-08-08T00:00:00Z","GSM1441329","T CD4+ cells","SRP044685","C57BL/6","SRR1521937_1_trimm_peaks.broadPeak","SRR1521937_1_trimm.bw","H3K4me3_CD4T_1.bw","H3K4me3_CD4T_1.broadPeak"
"151","SRR1521938","ChIP-Seq",60,1186262220,"PRJNA255796","SAMN02929014",541486411,"H3K4me3_CD4T_2","T CD4+ cells","GEO","H3K4me3","public","sra","gs,s3,ncbi","ncbi.public,gs.US,s3.us-east-1","SRX658434","GSM1441329","Illumina HiSeq 1500","SINGLE","ChIP","GENOMIC","Mus musculus","In vivo FACS purified cells","ILLUMINA","2014-08-08T00:00:00Z","GSM1441329","T CD4+ cells","SRP044685","C57BL/6","SRR1521938_1_trimm_peaks.broadPeak","SRR1521938_1_trimm.bw","H3K4me3_CD4T_2.bw","H3K4me3_CD4T_2.broadPeak"
"152","SRR1521939","ChIP-Seq",60,411531300,"PRJNA255796","SAMN02929015",188336252,"H3K4me3_CD8T_1","T CD8+ cells","GEO","H3K4me3","public","sra","gs,s3,ncbi","gs.US,s3.us-east-1,ncbi.public","SRX658435","GSM1441330","Illumina HiSeq 1500","SINGLE","ChIP","GENOMIC","Mus musculus","In vivo FACS purified cells","ILLUMINA","2014-08-08T00:00:00Z","GSM1441330","T CD8+ cells","SRP044685","C57BL/6","SRR1521939_1_trimm_peaks.broadPeak","SRR1521939_1_trimm.bw","H3K4me3_CD8T_1.bw","H3K4me3_CD8T_1.broadPeak"
"153","SRR1521940","ChIP-Seq",60,892755900,"PRJNA255796","SAMN02929015",408112025,"H3K4me3_CD8T_2","T CD8+ cells","GEO","H3K4me3","public","sra","gs,s3,ncbi","ncbi.public,gs.US,s3.us-east-1","SRX658435","GSM1441330","Illumina HiSeq 1500","SINGLE","ChIP","GENOMIC","Mus musculus","In vivo FACS purified cells","ILLUMINA","2014-08-08T00:00:00Z","GSM1441330","T CD8+ cells","SRP044685","C57BL/6","SRR1521940_1_trimm_peaks.broadPeak","SRR1521940_1_trimm.bw","H3K4me3_CD8T_2.bw","H3K4me3_CD8T_2.broadPeak"
"154","SRR1521941","ChIP-Seq",60,133454400,"PRJNA255796","SAMN02929016",63299475,"H3K4me3_NK_1","NK Cells","GEO","H3K4me3","public","sra","gs,s3,ncbi","ncbi.public,gs.US,s3.us-east-1","SRX658436","GSM1441331","Illumina HiSeq 1500","SINGLE","ChIP","GENOMIC","Mus musculus","In vivo FACS purified cells","ILLUMINA","2014-08-08T00:00:00Z","GSM1441331","NK Cells","SRP044685","C57BL/6","SRR1521941_1_trimm_peaks.broadPeak","SRR1521941_1_trimm.bw","H3K4me3_NK_1.bw","H3K4me3_NK_1.broadPeak"
"155","SRR1521942","ChIP-Seq",60,112150200,"PRJNA255796","SAMN02929016",53320452,"H3K4me3_NK_2","NK Cells","GEO","H3K4me3","public","sra","gs,s3,ncbi","ncbi.public,gs.US,s3.us-east-1","SRX658436","GSM1441331","Illumina HiSeq 1500","SINGLE","ChIP","GENOMIC","Mus musculus","In vivo FACS purified cells","ILLUMINA","2014-08-08T00:00:00Z","GSM1441331","NK Cells","SRP044685","C57BL/6","SRR1521942_1_trimm_peaks.broadPeak","SRR1521942_1_trimm.bw","H3K4me3_NK_2.bw","H3K4me3_NK_2.broadPeak"
"156","SRR1521943","ChIP-Seq",60,402155640,"PRJNA255796","SAMN02929017",185261710,"H3K4me3_CLP_1","Common Lymphoid Progenitor (CLP)","GEO","H3K4me3","public","sra","gs,s3,ncbi","gs.US,s3.us-east-1,ncbi.public","SRX658437","GSM1441332","Illumina HiSeq 1500","SINGLE","ChIP","GENOMIC","Mus musculus","In vivo FACS purified cells","ILLUMINA","2014-08-08T00:00:00Z","GSM1441332","Common Lymphoid Progenitor (CLP)","SRP044685","C57BL/6","SRR1521943_1_trimm_peaks.broadPeak","SRR1521943_1_trimm.bw","H3K4me3_CLP_1.bw","H3K4me3_CLP_1.broadPeak"
"157","SRR1521944","ChIP-Seq",60,376237860,"PRJNA255796","SAMN02929017",173793113,"H3K4me3_CLP_2","Common Lymphoid Progenitor (CLP)","GEO","H3K4me3","public","sra","gs,s3,ncbi","ncbi.public,gs.US,s3.us-east-1","SRX658437","GSM1441332","Illumina HiSeq 1500","SINGLE","ChIP","GENOMIC","Mus musculus","In vivo FACS purified cells","ILLUMINA","2014-08-08T00:00:00Z","GSM1441332","Common Lymphoid Progenitor (CLP)","SRP044685","C57BL/6","SRR1521944_1_trimm_peaks.broadPeak","SRR1521944_1_trimm.bw","H3K4me3_CLP_2.bw","H3K4me3_CLP_2.broadPeak"
"158","SRR1521945","ChIP-Seq",60,520585800,"PRJNA255796","SAMN02929017",239366117,"H3K4me3_CLP_3","Common Lymphoid Progenitor (CLP)","GEO","H3K4me3","public","sra","gs,s3,ncbi","ncbi.public,gs.US,s3.us-east-1","SRX658437","GSM1441332","Illumina HiSeq 1500","SINGLE","ChIP","GENOMIC","Mus musculus","In vivo FACS purified cells","ILLUMINA","2014-08-08T00:00:00Z","GSM1441332","Common Lymphoid Progenitor (CLP)","SRP044685","C57BL/6","SRR1521945_1_trimm_peaks.broadPeak","SRR1521945_1_trimm.bw","H3K4me3_CLP_3.bw","H3K4me3_CLP_3.broadPeak"
